1663883119.000000, 1663883119.000000, 1663883119.000000
32.000000, 32.000000, 32.000000
-39,18,47
-39,18,45
-39,17,46
-37,17,47
-36,17,49
-35,16,51
-32,20,59
-41,22,56
-43,21,53
-35,23,48
-30,22,46
-26,20,42
-26,19,40
-26,19,37
-25,18,36
-27,15,41
-63,20,76
-53,25,65
-36,14,40
-37,16,45
-31,19,50
-31,20,53
-34,20,49
-35,19,47
-36,20,49
-37,21,50
-36,20,47
-38,20,48
-37,19,45
-36,19,45
-35,18,46
-38,18,49
-39,18,47
-39,17,46
-39,17,48
-38,17,49
-36,15,48
-35,14,48
-36,13,49
-35,14,50
-33,15,51
-33,15,51
-35,16,50
-36,16,50
-35,15,49
-34,13,49
-35,13,50
-39,15,52
-51,13,45
-43,10,47
-40,9,47
-41,10,38
-44,12,38
-51,13,37
-51,12,38
-49,10,40
-50,9,39
-49,9,40
-45,11,41
-44,10,41
-43,11,41
-42,12,42
-32,16,52
-31,15,64
-25,13,55
-34,12,51
-39,13,47
-43,12,45
-43,12,46
-40,11,47
-39,11,47
-39,10,47
-39,10,49
-39,10,48
-40,12,47
-40,12,47
-39,12,48
-38,12,48
-38,11,48
-39,10,48
-39,11,48
-39,11,47
-40,12,47
-40,12,47
-40,12,47
-39,12,47
-39,12,47
-39,12,47
-39,12,47
-39,12,48
-39,12,48
-38,12,48
-39,12,47
-39,12,47
-39,12,48
-39,12,48
-39,13,47
-39,12,47
-39,13,47
-40,13,47
-39,13,47
-39,13,47
-39,13,47
-38,13,47
-38,13,47
-38,13,48
-39,14,48
-40,14,47
-41,15,46
-40,14,46
-38,14,47
-37,14,48
-38,15,48
-38,16,48
-40,17,47
-41,16,47
-40,16,47
-39,15,47
-38,13,47
-38,12,47
-38,12,47
-40,14,46
-40,15,47
-39,16,47
-38,16,47
-38,16,48
-38,15,48
-38,15,47
-39,14,47
-39,14,47
-39,14,46
-39,14,46
-39,15,47
-38,15,47
-38,15,47
-39,16,47
-38,15,47
-38,15,47
-39,15,47
-38,17,47
-38,17,47
-39,18,47
-39,18,47
-37,16,47
-36,15,48
-36,14,48
-36,14,48
-38,14,47
-39,15,47
-39,16,47
-40,17,46
-40,17,47
-39,17,47
-39,17,47
-38,15,47
-37,15,47
-38,16,46
-42,15,45
-42,15,44
-41,17,44
-39,17,45
-39,18,46
-39,18,47
-39,18,46
-39,17,46
-39,17,47
-39,17,46
-40,17,45
-40,16,46
-39,16,46
-39,17,46
-39,17,46
-38,14,46
-38,15,46
-37,17,46
-40,19,45
-41,20,45
-43,19,44
-42,19,44
-41,18,44
-41,18,45
-40,17,45
-40,17,45
-38,17,46
-38,18,47
-38,18,47
-39,18,46
-39,17,47
-38,17,46
-39,17,45
-40,17,45
-40,18,45
-39,18,47
-38,18,47
-39,17,46
-39,17,47
-40,17,47
-43,17,50
-38,15,36
-45,21,56
-43,18,48
-36,16,48
-35,16,49
-34,15,48
-34,14,51
-34,13,49
-37,13,49
-37,13,49
-39,14,48
-39,14,47
-39,14,47
-40,14,47
-39,14,47
-39,14,47
-38,14,47
-38,14,48
-39,14,47
-38,13,47
-38,13,47
-38,14,48
-38,14,48
-38,14,48
-39,14,47
-39,14,47
-39,14,47
-39,13,47
-39,14,48
-38,14,47
-38,15,47
-38,16,47
-37,15,48
-37,14,48
-37,14,48
-37,14,49
-37,14,48
-39,14,47
-39,15,48
-38,14,48
-38,14,48
-38,15,48
-37,15,48
-37,14,48
-38,14,48
-38,14,48
-38,15,48
-38,16,48
-38,16,48
-38,15,48
-38,14,48
-37,14,48
-37,13,48
-37,13,48
-37,14,48
-38,15,48
-37,15,48
-37,16,49
-37,16,49
-37,16,49
-37,16,49
-38,16,48
-38,15,48
-38,15,48
-37,15,48
-36,16,48
-37,15,48
-37,15,48
-37,16,48
-37,16,47
-38,14,47
-41,19,50
-43,21,52
-36,19,49
-32,19,47
-30,17,47
-32,18,50
-32,21,51
-32,21,50
-35,20,47
-33,21,51
-35,21,53
-38,20,49
-38,17,44
-33,15,42
-34,14,44
-37,16,47
-38,16,46
-39,16,49
-40,15,49
-38,13,48
-36,15,47
-37,16,47
-39,15,44
-41,13,44
-47,12,48
-50,13,52
-40,14,64
-39,12,63
-41,4,48
-36,-3,46
-39,-3,47
-46,-4,44
-49,-3,41
-44,-3,39
-40,-2,37
-30,-4,38
-26,-5,39
-31,-5,37
-43,-7,38
-44,-6,43
-40,2,43
-38,8,39
-49,18,40
-60,21,48
-69,25,51
-58,20,42
-40,12,38
-47,10,43
-52,10,43
-51,14,36
-51,15,35
-51,19,35
-50,17,39
-47,14,40
-45,12,41
-45,9,40
-46,11,39
-46,12,40
-47,14,40
-48,16,40
-50,15,41
-52,13,39
-54,11,38
-56,12,36
-46,9,39
-45,8,40
-50,5,43
-44,2,43
-40,2,41
-37,0,42
-37,0,44
-38,1,45
-38,3,45
-37,7,51
-37,9,54
-40,10,52
-45,9,46
-46,8,44
-43,7,44
-44,6,42
-47,5,43
-47,5,44
-43,5,45
-43,5,44
-43,5,44
-43,5,44
-43,6,44
-45,7,43
-46,7,42
-48,8,42
-47,8,43
-45,6,44
-43,6,44
-43,7,45
-42,7,45
-42,7,45
-42,6,45
-42,6,45
-43,6,44
-44,7,44
-45,8,43
-45,8,44
-44,8,44
-45,8,43
-45,8,43
-45,10,44
-45,11,44
-45,13,44
-45,13,43
-45,11,44
-44,11,44
-42,9,44
-42,8,45
-41,8,45
-42,9,46
-43,9,44
-44,9,45
-43,9,47
-40,7,41
-34,11,47
-44,11,47
-42,11,45
-46,10,43
-45,10,43
-43,9,44
-44,8,44
-43,8,45
-42,8,44
-42,9,44
-45,10,44
-46,10,43
-47,11,41
-47,11,41
-48,11,41
-46,11,41
-46,11,42
-45,10,43
-45,9,42
-46,8,42
-46,8,41
-46,9,41
-46,10,42
-47,10,41
-47,10,41
-46,11,41
-46,11,43
-45,12,44
-45,11,41
-43,11,41
-47,10,44
-44,8,42
-44,8,41
-46,10,42
-46,11,41
-47,12,41
-46,12,42
-45,11,43
-44,11,43
-44,11,43
-46,10,42
-45,11,42
-47,12,41
-46,12,41
-45,12,42
-45,12,42
-45,12,42
-46,12,41
-46,12,41
-45,13,43
-45,13,43
-45,13,42
-45,13,42
-46,12,41
-45,12,42
-44,12,43
-44,11,42
-45,12,42
-45,12,42
-45,13,43
-44,14,43
-45,14,43
-44,13,43
-44,13,43
-45,12,42
-44,12,43
-43,13,43
-44,13,43
-43,13,43
-44,13,43
-44,13,43
-44,13,43
-45,13,43
-45,13,43
-44,13,43
-44,12,43
-44,13,43
-45,13,43
-45,12,42
-46,12,41
-46,11,43
-44,11,42
-45,11,42
-44,11,43
-45,11,42
-45,12,43
-45,12,43
-45,12,42
-45,12,42
-45,11,42
-45,11,42
-46,12,42
-45,12,42
-45,11,42
-45,11,43
-46,10,42
-46,10,42
-46,10,42
-45,11,42
-45,11,42
-45,11,42
-45,12,43
-44,12,43
-44,12,43
-44,11,43
-44,11,43
-44,11,43
-45,11,43
-45,11,43
-45,11,42
-45,11,43
-44,11,43
-45,11,43
-44,11,43
-44,11,43
-44,11,43
-44,11,43
-44,11,43
-45,11,43
-44,11,43
-44,11,43
-44,11,43
-44,11,43
-44,11,43
-45,11,43
-45,11,43
-44,11,43
-44,11,43
-44,11,43
-44,11,43
-45,11,43
-44,11,43
-44,11,43
-44,11,44
-45,11,43
-45,11,43
-45,11,43
-45,11,43
-45,11,43
-44,11,43
-44,11,43
-44,11,43
-45,11,43
-44,11,43
-44,11,43
-44,10,43
-44,10,43
-45,11,43
-44,11,44
-44,11,44
-44,11,44
-44,11,43
-44,11,43
-44,11,44
-44,11,44
-44,11,44
-44,10,44
-44,10,44
-45,10,43
-44,10,43
-45,10,43
-44,10,43
-44,11,43
-44,10,43
-44,11,43
-44,11,44
-44,11,44
-44,11,43
-44,11,43
-44,10,44
-44,10,43
-44,10,43
-44,10,43
-44,10,44
-44,10,44
-44,10,44
-43,10,44
-43,10,44
-44,10,44
-44,10,44
-44,10,44
-44,10,44
-44,10,44
-44,10,44
-44,10,44
-44,10,44
-44,10,44
-44,10,44
-44,10,44
-44,10,43
-44,11,44
-44,10,44
-44,10,43
-44,10,44
-44,10,44
-44,10,44
-44,10,44
-44,10,44
-44,10,43
-44,11,43
-44,11,43
-44,10,44
-44,11,44
-44,10,43
-44,10,43
-44,11,44
-44,11,43
-44,11,44
-44,10,44
-44,10,43
-44,10,44
-44,10,44
-44,10,44
-44,10,44
-44,11,44
-44,11,44
-44,10,44
-44,11,44
-44,11,44
-44,11,44
-43,11,44
-44,11,44
-44,10,44
-44,11,44
-44,11,44
-44,11,44
-44,11,44
-44,11,44
-43,11,44
-44,11,44
-44,11,44
-44,11,44
-43,11,44
-43,11,44
-44,11,44
-44,11,44
-44,11,44
-44,11,44
-44,11,44
-44,11,43
-44,11,44
-43,11,44
-44,11,43
-44,11,43
-44,11,44
-44,11,44
-43,11,44
-43,11,44
-44,11,44
-44,11,44
-44,11,44
-44,11,44
-44,11,44
-43,11,44
-44,11,44
-44,11,44
-44,11,44
-43,11,44
-43,11,44
-44,11,43
-44,11,44
-44,11,43
-44,11,44
-43,11,44
-44,11,44
-44,11,43
-44,11,44
-44,11,44
-44,11,43
-44,10,43
-44,11,44
-44,11,43
-44,11,44
-44,11,44
-44,11,43
-43,11,44
-43,11,44
-44,11,44
-44,10,44
-44,10,44
-44,11,44
-44,11,44
-44,11,44
-44,11,44
-44,11,44
-44,11,43
-44,11,44
-44,11,44
-43,11,44
-44,11,44
-44,11,44
-44,11,44
-44,10,44
-44,10,44
-44,10,44
-44,10,43
-44,10,43
-44,11,44
-43,11,44
-44,10,44
-44,10,44
-44,10,44
-44,10,44
-44,10,44
-44,11,44
-44,11,44
-44,10,44
-44,10,44
-44,10,44
-44,11,44
-44,11,44
-44,11,44
-44,11,44
-44,10,44
-44,10,44
-44,10,44
-44,11,44
-44,10,44
-44,10,44
-44,10,44
-44,11,43
-44,10,44
-44,11,44
-43,10,44
-44,10,44
-44,10,44
-45,10,43
-45,10,43
-44,10,43
-44,10,44
-44,10,44
-44,10,43
-44,10,43
-44,10,44
-43,10,44
-43,10,44
-44,10,43
-46,11,43
-45,11,43
-43,11,44
-43,11,44
-44,11,44
-44,11,43
-44,11,44
-44,11,44
-44,11,44
-44,11,43
-43,11,44
-43,11,44
-44,11,43
-45,11,43
-44,11,43
-44,11,43
-43,11,44
-43,11,44
-44,11,44
-43,11,44
-44,11,44
-44,11,43
-44,11,44
-43,11,44
-44,11,44
-43,11,44
-44,11,44
-44,11,44
-44,11,44
-43,11,44
-44,11,44
-44,11,44
-44,11,44
-43,11,44
-43,11,44
-43,11,44
-44,11,44
-43,11,44
-44,11,44
-44,11,44
-43,12,44
-43,12,44
-43,12,44
-43,11,44
-44,11,44
-43,11,44
-43,11,44
-44,11,43
-44,11,43
-44,12,43
-43,12,44
-43,12,44
-44,12,44
-44,12,44
-43,11,44
-43,11,44
-44,11,44
-44,11,44
-44,11,44
-43,11,44
-44,11,43
-44,10,43
-44,11,44
-43,12,43
-44,11,43
-44,11,43
-44,11,44
-43,12,44
-43,12,44
-43,11,44
-43,11,44
-43,11,44
-44,11,43
-44,11,43
-44,11,44
-43,11,44
-43,11,44
-44,11,43
-44,11,43
-43,11,44
-43,11,44
-43,11,44
-43,11,44
-44,11,44
-44,11,44
-44,11,44
-43,11,44
-43,11,44
-43,11,44
-43,11,44
-43,11,44
-43,11,44
-43,11,44
-43,11,44
-44,10,43
-43,10,44
-42,11,45
-45,11,43
-45,11,43
-44,11,44
-42,11,45
-43,11,44
-43,11,44
-43,11,44
-43,10,44
-43,10,44
-44,10,43
-44,10,44
-43,11,44
-43,10,44
-43,11,44
-44,11,44
-44,11,43
-45,11,43
-44,11,44
-43,10,44
-43,10,44
-44,11,44
-44,11,44
-43,11,44
-43,10,44
-43,10,44
-43,10,44
-44,10,44
-44,11,44
-43,11,44
-43,11,44
-44,11,44
-44,11,44
-45,11,44
-43,10,44
-44,10,44
-44,10,44
-44,11,43
-45,11,43
-44,11,43
-44,11,44
-43,10,44
-43,10,44
-43,9,44
-44,10,43
-45,10,43
-45,11,43
-44,11,43
-43,11,44
-43,10,44
-44,10,44
-44,10,43
-44,10,44
-44,10,44
-44,10,43
-44,10,44
-43,10,44
-45,10,43
-45,10,42
-44,11,44
-43,11,44
-43,10,44
-43,10,44
-44,10,43
-44,10,44
-44,11,44
-43,11,44
-43,11,44
-43,10,44
-44,10,43
-44,10,44
-44,10,44
-44,10,44
-43,11,44
-44,11,44
-44,10,44
-44,10,44
-44,10,44
-44,10,44
-43,10,44
-44,10,44
-43,10,44
-43,10,44
-44,10,44
-43,10,44
-43,10,44
-43,10,44
-44,10,44
-45,10,43
-45,10,43
-44,10,44
-43,10,44
-44,10,44
-44,10,43
-44,11,43
-44,11,43
-44,11,43
-44,11,43
-44,10,43
-44,10,44
-44,11,43
-45,10,43
-45,10,43
-43,10,44
-44,11,44
-45,11,43
-45,11,43
-44,10,43
-44,10,43
-45,11,43
-45,11,43
-44,11,43
-44,12,44
-45,11,43
-44,11,43
-45,10,43
-45,10,42
-45,10,43
-44,10,43
-44,11,43
-44,10,43
-44,11,44
-45,11,43
-45,10,43
-45,10,43
-45,10,43
-45,11,43
-45,10,43
-45,11,43
-45,11,43
-44,10,43
-44,11,43
-45,11,43
-44,10,43
-44,10,43
-44,11,43
-45,11,43
-44,10,43
-44,10,43
-45,10,43
-45,10,43
-45,10,43
-45,11,43
-45,11,43
-44,11,43
-44,11,44
-43,10,43
-44,10,43
-45,10,43
-43,10,43
-44,11,43
-45,11,43
-45,11,43
-45,10,42
-45,10,43
-45,10,43
-45,10,43
-44,11,43
-44,10,43
-45,11,43
-44,10,43
-45,11,43
-45,11,43
-45,11,43
-44,10,43
-44,11,44
-44,10,43
-45,10,43
-44,10,43
-44,10,43
-44,10,43
-44,10,43
-44,10,43
-44,10,43
-44,10,43
-45,11,43
-45,11,43
-45,11,43
-44,11,44
-44,11,43
-45,11,43
-45,11,43
-44,10,43
-44,10,44
-44,11,43
-45,10,43
-45,11,43
-44,11,43
-44,11,43
-44,10,43
-45,10,43
-44,10,43
-44,10,43
-45,11,43
-45,10,43
-44,11,43
-44,10,43
-44,10,43
-45,11,43
-45,10,43
-44,11,43
-45,11,43
-45,10,43
-45,11,43
-45,11,43
-45,10,43
-45,10,43
-44,10,44
-44,10,43
-45,10,43
-45,11,43
-44,11,43
-44,11,43
-44,10,44
-44,10,43
-45,10,43
-45,10,43
-45,10,43
-44,11,43
-44,11,43
-44,11,43
-44,11,43
-45,10,43
-44,10,43
-44,10,43
-45,10,43
-45,10,43
-44,10,43
-44,10,43
-44,11,43
-44,11,43
-45,11,43
-44,11,43
-45,11,43
-45,11,43
-45,10,43
-45,11,43
-45,11,43
-44,11,43
-44,11,43
-45,10,43
-45,10,43
-45,10,43
-45,10,43
-45,10,43
-44,11,43
-44,10,43
-44,10,43
-45,11,43
-45,10,43
-45,10,43
-44,11,43
-45,10,43
-44,11,43
-45,10,43
-45,10,43
-45,10,43
-45,10,43
-45,10,43
-44,11,43
-45,11,43
-45,10,43
-44,10,43
-45,10,43
-45,10,43
-44,11,43
-44,11,43
-44,11,43
-44,10,43
-45,10,43
-45,10,43
-45,10,43
-45,10,43
-44,10,43
-44,10,43
-44,10,43
-45,10,43
-45,10,43
-45,10,43
-44,10,43
-45,11,43
-45,10,43
-45,10,43
-45,10,43
-45,10,43
-45,10,43
-44,10,43
-45,10,43
-45,10,43
-45,11,43
-44,10,44
-44,10,43
-45,10,43
-45,10,43
-45,10,43
-45,10,43
-44,11,43
-44,10,43
-45,10,43
-44,10,43
-44,10,43
-45,10,43
-45,10,43
-45,11,43
-44,11,43
-44,10,43
-44,11,43
-45,10,43
-45,10,43
-45,10,43
-45,11,43
-45,11,43
-44,10,44
-44,11,43
-45,10,43
-45,10,43
-45,10,43
-44,10,43
-44,10,44
-45,10,43
-45,10,43
-45,11,43
-44,11,43
-44,11,44
-44,10,43
-44,10,43
-45,10,43
-45,10,43
-44,10,43
-44,10,43
-45,10,43
-45,10,43
-45,10,43
-45,10,43
-45,11,43
-44,10,43
-45,11,43
-44,11,43
-45,11,43
-44,11,43
-44,11,43
-45,10,43
-45,10,43
-45,11,43
-45,11,43
-44,11,43
-45,11,43
-45,11,43
-44,11,43
-44,11,43
-45,11,43
-45,11,43
-44,11,43
-44,11,43
-44,11,43
-44,11,44
-44,11,43
-44,11,43
-45,11,43
-45,11,43
-44,11,43
-44,12,43
-44,12,43
-44,12,43
-44,12,43
-44,11,43
-45,12,43
-44,12,43
-44,12,43
-44,12,44
-44,11,43
-44,11,43
-45,11,43
-45,12,43
-44,12,43
-44,12,43
-44,12,43
-44,12,43
-44,12,43
-45,12,43
-45,12,43
-44,12,43
-44,12,43
-43,11,43
-44,11,43
-44,11,43
-44,11,43
-44,12,43
-43,12,44
-44,12,43
-44,12,43
-44,11,43
-44,11,43
-44,12,43
-44,12,43
-43,11,44
-44,11,44
-44,11,44
-44,11,43
-44,11,43
-44,11,43
-44,11,43
-44,11,43
-45,12,43
-44,12,43
-44,12,43
-43,12,44
-43,11,44
-44,10,44
-44,10,43
-45,10,43
-45,11,43
-44,11,43
-44,12,44
-43,12,44
-43,12,45
-43,12,45
-44,11,43
-44,11,42
-45,10,42
-46,9,42
-45,9,42
-46,11,43
-46,12,43
-44,13,44
-43,13,44
-42,11,45
-44,10,43
-45,10,43
-45,10,43
-44,10,43
-43,11,44
-43,12,44
-43,12,44
-44,12,44
-45,11,43
-45,11,43
-44,11,43
-44,11,43
-44,11,44
-44,11,43
-45,11,42
-45,11,43
-44,11,43
-45,10,43
-44,11,43
-44,11,43
-44,11,44
-44,11,43
-44,11,44
-44,11,44
-44,11,43
-44,11,43
-45,11,43
-44,10,43
-44,10,43
-44,10,43
-44,10,43
-44,10,43
-45,10,43
-45,10,43
-44,10,43
-44,10,44
-44,10,44
-44,10,44
-44,10,44
-44,12,44
-46,12,43
-44,10,43
-44,9,43
-44,8,42
-44,8,45
-43,8,44
-44,9,41
-46,11,42
-46,12,42
-46,11,41
-47,11,42
-45,11,43
-45,11,42
-47,10,40
-48,10,40
-48,9,41
-47,9,41
-46,9,41
-46,10,42
-45,9,42
-45,9,42
-45,10,42
-45,10,43
-44,10,43
-46,11,42
-47,11,42
-44,10,42
-44,10,42
-45,10,44
-44,10,44
-45,10,43
-47,12,41
-48,12,41
-46,10,41
-45,10,42
-44,10,44
-44,10,44
-44,11,43
-44,12,44
-45,12,44
-45,10,42
-45,10,42
-45,10,43
-45,10,43
-45,10,43
-45,10,42
-45,10,42
-45,10,43
-45,10,43
-45,11,43
-45,11,43
-44,11,43
-44,11,43
-45,10,43
-45,10,43
-45,10,42
-45,10,42
-45,10,42
-45,10,42
-46,11,42
-45,12,42
-45,11,42
-45,11,43
-45,11,43
-46,10,41
-47,10,41
-46,10,42
-46,11,42
-46,10,42
-45,10,43
-45,10,43
-44,10,43
-45,11,43
-45,11,42
-44,10,43
-44,10,43
-45,10,42
-45,10,42
-46,10,42
-45,10,42
-45,10,43
-45,10,42
-46,11,42
-46,11,41
-46,10,41
-46,10,42
-46,10,41
-47,10,41
-47,10,41
-46,11,42
-46,11,42
-45,11,42
-45,11,42
-44,11,43
-45,10,42
-45,10,42
-45,10,43
-44,11,43
-44,11,43
-44,11,43
-45,11,43
-45,11,43
-46,11,42
-46,11,42
-45,12,42
-45,11,43
-44,11,43
-45,11,43
-45,11,43
-46,11,42
-46,10,42
-46,10,41
-46,9,41
-46,9,41
-47,10,41
-46,10,41
-47,11,41
-47,11,42
-46,11,42
-46,10,41
-46,11,42
-46,10,41
-45,10,42
-45,10,42
-45,10,42
-46,10,42
-46,9,42
-46,10,42
-46,10,42
-46,11,42
-46,11,42
-46,11,42
-46,11,42
-46,11,42
-46,11,42
-45,12,42
-45,11,43
-45,11,43
-44,11,42
-45,11,42
-46,10,42
-46,11,42
-46,11,42
-45,11,42
-45,11,43
-45,11,43
-45,11,42
-45,11,42
-45,11,42
-45,11,43
-44,11,43
-44,11,43
-44,11,44
-44,11,43
-46,10,42
-43,11,42
-46,11,43
-45,10,42
-45,11,42
-45,11,43
-45,11,43
-45,11,43
-45,11,43
-45,10,42
-45,10,43
-45,10,42
-45,10,42
-46,11,42
-45,11,42
-45,11,42
-45,10,43
-45,10,43
-46,9,42
-46,9,42
-46,9,42
-46,10,42
-45,10,42
-45,10,42
-45,10,43
-45,10,42
-45,10,42
-45,10,42
-45,10,43
-45,10,42
-45,10,43
-45,10,42
-45,10,43
-45,10,42
-46,10,42
-45,10,42
-45,10,43
-45,10,43
-46,10,42
-46,10,42
-46,10,42
-45,10,42
-45,10,42
-45,10,42
-46,10,42
-45,10,42
-45,10,42
-45,10,42
-45,10,42
-45,10,43
-45,11,43
-45,10,43
-45,10,43
-45,10,42
-45,11,43
-45,11,43
-44,11,43
-44,10,43
-45,11,43
-45,11,43
-45,11,42
-45,11,43
-45,11,43
-45,11,43
-44,11,43
-45,11,43
-45,11,43
-45,11,43
-44,11,43
-44,12,43
-45,11,43
-45,11,43
-44,11,43
-44,11,43
-45,11,43
-45,11,43
-44,11,43
-44,11,43
-45,11,43
-45,11,42
-45,11,43
-44,11,44
-44,11,43
-45,11,43
-45,11,43
-45,11,43
-44,11,43
-44,11,43
-45,11,43
-45,11,43
-45,10,43
-45,10,42
-45,11,43
-45,11,43
-45,11,43
-45,11,42
-45,10,42
-45,10,43
-45,10,43
-45,10,42
-45,10,43
-45,11,43
-45,11,42
-45,10,42
-45,10,43
-45,10,42
-45,10,42
-45,10,43
-45,10,42
-45,10,42
-45,10,43
-45,10,42
-45,11,42
-45,11,42
-45,10,43
-45,10,43
-45,10,42
-46,10,42
-45,10,43
-45,10,42
-45,10,43
-45,10,43
-45,10,43
-45,10,42
-45,10,42
-45,10,42
-45,10,42
-45,10,42
-45,11,43
-45,10,42
-46,10,42
-46,10,42
-45,10,42
-45,10,42
-45,10,43
-45,10,43
-45,10,42
-45,10,43
-45,10,42
-45,10,42
-45,10,43
-45,10,42
-45,10,42
-46,10,42
-46,10,42
-45,11,42
-45,11,42
-45,10,42
-44,10,43
-44,10,43
-45,10,43
-45,9,42
-46,10,42
-46,10,42
-45,10,42
-45,11,42
-45,11,42
-45,11,42
-45,11,42
-46,11,42
-45,11,42
-45,11,42
-45,11,42
-45,10,42
-46,11,42
-46,11,42
-45,11,42
-45,11,42
-46,11,42
-46,11,42
-46,11,42
-46,11,42
-46,11,42
-45,11,42
-45,11,42
-45,11,42
-45,10,42
-45,10,42
-45,10,42
-46,11,42
-45,11,42
-45,11,42
-45,11,42
-45,11,42
-45,11,42
-45,11,42
-45,11,42
-45,11,42
-45,11,42
-45,11,42
-46,10,42
-46,10,42
-46,10,42
-46,11,42
-46,11,42
-46,11,42
-46,11,42
-45,11,42
-45,10,42
-46,10,42
-46,10,42
-46,11,42
-46,10,42
-46,10,42
-45,10,42
-45,10,42
-46,10,42
-46,10,42
-46,10,42
-46,10,42
-46,10,42
-46,10,42
-46,10,42
-46,10,42
-46,10,42
-46,10,42
-45,11,42
-45,10,42
-45,10,42
-46,10,42
-46,10,42
-46,10,42
-46,10,42
-46,10,42
-46,11,42
-46,10,42
-45,10,42
-46,10,42
-46,10,41
-46,10,42
-46,10,42
-45,10,42
-45,10,42
-46,10,42
-46,10,42
-46,10,42
-46,10,42
-46,10,42
-45,10,42
-45,10,42
-45,10,42
-46,10,42
-46,10,42
-46,10,42
-46,11,42
-46,10,42
-46,10,42
-45,10,42
-45,10,42
-46,10,42
-46,10,41
-46,10,41
-46,10,42
-45,10,42
-45,10,42
-45,10,42
-45,10,42
-46,9,42
-46,9,42
-46,9,42
-46,10,42
-46,10,42
-45,10,43
-45,10,42
-45,10,42
-45,10,43
-45,10,42
-46,10,42
-46,10,42
-46,10,42
-46,10,42
-46,10,42
-45,10,42
-44,10,43
-44,10,43
-45,10,42
-45,10,42
-45,10,42
-45,10,42
-45,11,42
-45,11,43
-45,11,43
-45,11,43
-46,10,42
-45,10,42
-46,10,42
-46,10,42
-45,10,42
-45,11,42
-46,11,43
-46,11,43
-45,10,42
-46,10,42
-46,11,42
-46,10,42
-46,10,42
-45,10,42
-45,10,42
-45,10,42
-45,11,43
-45,11,42
-45,11,42
-45,10,42
-45,10,43
-46,10,42
-46,10,41
-46,10,42
-45,11,42
-45,11,42
-46,11,42
-46,10,42
-45,10,42
-45,10,42
-45,11,42
-45,13,43
-44,13,43
-46,12,43
-45,11,43
-45,9,42
-45,9,42
-46,8,42
-46,9,41
-46,10,42
-45,11,43
-45,11,42
-45,11,42
-46,12,42
-46,12,42
-45,12,42
-46,12,42
-46,12,42
-46,11,42
-46,10,42
-46,9,41
-46,9,41
-46,10,42
-45,11,42
-45,11,42
-45,11,42
-45,11,42
-45,10,43
-45,11,44
-47,9,40
-42,11,45
-45,9,44
-44,8,42
-45,9,42
-45,11,43
-46,11,43
-45,12,43
-44,12,44
-43,11,44
-43,11,44
-44,10,44
-44,10,43
-44,10,43
-44,10,43
-44,10,44
-43,11,44
-43,11,44
-43,11,44
-43,11,44
-43,11,44
-45,10,43
-44,11,43
-43,10,44
-43,10,44
-43,10,44
-44,10,44
-44,10,43
-44,10,43
-45,10,43
-44,10,43
-44,10,44
-44,10,44
-44,11,43
-45,11,43
-45,11,43
-44,11,43
-44,11,43
-44,10,43
-45,10,43
-45,10,43
-45,10,43
-45,10,42
-45,10,43
-45,10,43
-44,11,43
-44,11,43
-45,11,43
-45,11,43
-44,11,43
-44,11,43
-45,11,43
-45,10,43
-44,10,43
-45,10,43
-45,11,43
-44,11,43
-44,11,43
-44,11,43
-44,11,43
-44,11,43
-45,10,43
-45,10,43
-45,11,43
-45,10,43
-45,11,43
-45,11,43
-45,10,43
-45,10,43
-45,10,43
-45,11,43
-45,10,43
-45,11,43
-45,11,43
-45,10,42
-45,11,43
-44,11,43
-45,11,43
-45,10,43
-45,10,43
-45,10,43
-45,11,43
-45,11,43
-45,11,43
-45,10,43
-45,10,43
-45,11,43
-45,11,43
-45,10,42
-45,10,43
-44,11,43
-45,11,43
-45,10,43
-44,10,43
-44,10,43
-45,10,43
-45,10,43
-45,10,43
-45,10,43
-44,10,43
-44,10,43
-45,10,43
-45,10,43
-45,10,43
-45,10,43
-45,10,42
-45,10,43
-45,10,43
-45,10,43
-45,10,43
-45,10,43
-45,10,43
-45,10,43
-45,10,43
-45,10,43
-45,10,43
-45,10,43
-45,10,43
-45,10,43
-45,10,43
-45,10,43
-45,10,43
-45,10,43
-45,10,43
-45,10,43
-45,10,43
-44,10,43
-44,10,43
-45,10,43
-45,10,43
-45,10,42
-45,10,43
-45,10,43
-44,10,43
-45,10,43
-45,10,43
-45,10,43
-45,10,43
-45,10,43
-45,10,43
-45,10,43
-45,10,43
-45,10,42
-45,10,43
-45,10,43
-45,10,43
-44,10,43
-44,10,43
-45,10,43
-45,10,43
-45,10,43
-45,10,43
-45,10,43
-45,10,43
-45,10,43
-45,11,43
-45,11,43
-44,11,43
-45,10,43
-45,10,43
-45,10,43
-45,10,42
-45,10,43
-45,10,43
-44,10,43
-45,10,43
-44,10,43
-45,10,43
-45,10,43
-45,11,43
-44,11,43
-44,11,43
-44,11,44
-45,11,43
-45,10,43
-44,10,43
-44,11,43
-45,10,43
-44,11,43
-44,11,43
-44,10,43
-45,10,43
-45,10,43
-45,10,43
-45,10,43
-45,10,43
-45,10,43
-45,10,43
-45,10,43
-45,10,43
-45,10,43
-45,10,43
-44,10,43
-45,10,43
-45,10,43
-45,10,43
-45,10,43
-45,10,43
-45,10,43
-44,10,43
-45,10,43
-45,10,43
-45,10,43
-44,11,43
-45,10,43
-45,10,43
-45,10,43
-44,10,43
-44,10,43
-45,10,43
-45,10,43
-45,10,43
-45,10,43
-44,10,43
-44,10,43
-44,10,43
-45,10,43
-45,10,43
-45,10,43
-45,10,43
-44,10,44
-44,10,44
-44,10,43
-45,10,43
-45,10,43
-45,10,43
-45,10,43
-45,11,43
-45,10,43
-45,11,43
-44,10,43
-44,10,44
-44,11,43
-45,10,43
-44,10,43
-44,10,43
-44,10,43
-44,10,43
-44,10,43
-44,10,43
-44,10,43
-44,10,43
-44,10,44
-45,10,43
-44,10,43
-44,10,43
-45,10,43
-45,10,43
-45,10,43
-45,10,43
-45,10,43
-45,10,43
-44,10,43
-44,10,43
-45,10,43
-44,10,43
-45,10,43
-45,10,43
-45,10,43
-44,10,43
-44,10,44
-45,10,43
-45,10,43
-45,10,43
-44,10,43
-44,10,43
-45,10,43
-44,10,43
-44,10,43
-44,10,43
-45,10,43
-45,10,43
-45,10,43
-45,10,43
-45,11,43
-45,10,43
-44,10,43
-44,10,43
-45,10,43
-45,10,43
-45,11,43
-44,10,43
-44,10,43
-45,10,43
-45,10,43
-45,10,43
-44,11,43
-44,10,43
-45,10,43
-44,10,43
-44,10,43
-44,10,43
-45,10,43
-45,10,43
-44,11,44
-44,11,43
-45,10,43
-45,10,43
-45,10,43
-45,10,43
-45,11,43
-45,10,42
-45,10,43
-45,10,42
-45,10,43
-45,10,43
-45,10,43
-44,10,43
-45,10,43
-45,10,43
-45,10,42
-45,10,43
-45,10,43
-44,10,43
-45,10,43
-45,10,43
-45,10,43
-45,10,43
-45,10,43
-45,10,43
-44,10,43
-45,10,43
-45,10,43
-45,10,43
-45,10,43
-45,10,43
-45,10,43
-45,10,43
-44,10,43
-45,10,43
-45,10,43
-45,10,42
-45,10,43
-45,10,43
-45,10,43
-45,10,43
-45,10,43
-45,10,42
-44,10,43
-44,10,43
-45,9,43
-45,10,43
-45,10,43
-45,10,43
-45,10,43
-45,10,43
-45,10,43
-45,10,43
-45,10,43
-45,10,43
-45,10,43
-45,11,43
-44,10,43
-44,10,43
-45,10,43
-45,9,42
-45,10,43
-44,10,43
-44,11,43
-44,10,43
-44,10,43
-45,10,43
-45,10,43
-45,10,43
-44,10,43
-43,10,44
-44,10,43
-45,10,43
-45,10,43
-45,10,43
-45,10,43
-45,10,43
-44,10,43
-45,10,43
-44,10,43
-45,10,43
-45,10,43
-44,10,43
-44,10,43
-44,10,43
-45,10,43
-45,10,43
-45,9,43
-45,10,43
-45,10,43
-45,10,43
-45,10,43
-45,10,43
-45,10,43
-45,10,43
-45,10,42
-45,10,43
-45,10,43
-45,10,43
-45,10,43
-45,10,43
-45,10,43
-45,9,43
-45,10,43
-45,10,43
-45,10,43
-45,10,43
-44,9,43
-44,10,44
-45,10,43
-46,9,42
-47,9,41
-47,9,41
-45,10,42
-44,11,43
-45,11,44
-45,12,43
-44,12,44
-43,12,44
-42,12,44
-43,11,44
-44,11,44
-46,11,43
-46,10,43
-45,10,43
-44,10,43
-45,9,44
-44,11,43
-42,11,44
-44,11,45
-43,10,46
-44,9,44
-45,9,44
-45,8,43
-45,7,41
-47,7,41
-48,7,42
-47,7,41
-45,7,40
-47,8,42
-46,9,41
-46,9,40
-48,9,39
-48,7,39
-49,7,38
-50,6,37
-49,5,38
-46,6,41
-45,6,43
-46,8,43
-46,8,41
-48,8,39
-48,9,40
-47,10,43
-49,12,42
-49,11,40
-49,8,36
-47,8,37
-47,10,41
-48,10,41
-47,7,39
-50,6,38
-50,6,38
-50,5,38
-50,5,37
-52,7,39
-56,10,39
-55,9,34
-47,6,32
-50,5,35
-53,8,37
-51,8,41
-44,5,40
-44,4,38
-49,6,39
-48,6,41
-46,6,42
-47,6,40
-46,7,41
-46,8,43
-47,9,43
-46,8,42
-45,7,42
-46,6,42
-47,6,42
-48,6,40
-48,6,40
-47,7,41
-47,7,41
-47,7,42
-47,7,41
-47,8,41
-47,7,41
-47,7,41
-48,7,40
-48,7,40
-47,6,40
-47,7,41
-47,7,41
-47,7,41
-47,6,41
-47,7,41
-47,7,41
-47,7,41
-47,7,41
-47,7,41
-47,7,41
-47,7,41
-47,7,41
-47,7,41
-47,7,41
-47,7,41
-47,7,41
-47,7,41
-47,7,41
-47,7,41
-47,7,41
-47,7,41
-47,7,41
-47,7,41
-47,7,41
-47,7,41
-47,7,41
-47,7,41
-46,7,41
-47,7,41
-47,7,42
-47,7,41
-48,7,41
-48,7,41
-47,7,41
-47,7,41
-47,7,41
-47,7,41
-48,7,41
-47,7,41
-47,7,41
-47,7,41
-47,7,41
-47,7,41
-47,7,41
-47,7,41
-47,7,41
-47,7,41
-47,7,41
-47,7,41
-47,7,41
-47,7,41
-47,7,41
-47,7,41
-47,7,41
-47,7,41
-47,7,41
-47,7,41
-48,7,40
-48,7,40
-48,7,41
-48,7,40
-48,7,40
-48,7,41
-47,7,41
-47,7,41
-48,7,40
-48,7,41
-47,7,41
-47,7,41
-47,7,41
-47,7,41
-48,7,41
-48,8,41
-47,8,41
-47,8,41
-47,7,41
-47,7,41
-47,7,41
-47,7,41
-47,7,41
-48,7,40
-48,7,41
-47,7,41
-47,7,40
-48,7,41
-48,7,40
-48,7,40
-47,7,41
-47,7,41
-47,7,41
-47,7,41
-47,7,41
-47,7,41
-47,7,41
-47,7,41
-47,7,41
-47,7,41
-47,7,41
-47,7,41
-47,7,41
-47,7,41
-47,7,41
-47,7,41
-47,7,41
-47,7,41
-47,7,41
-47,7,41
-47,7,41
-47,7,41
-48,7,41
-48,7,41
-47,7,41
-47,7,41
-47,7,41
-47,7,41
-48,7,41
-48,7,40
-48,7,40
-47,7,41
-47,7,41
-48,7,41
-48,7,40
-48,7,41
-47,7,41
-47,7,41
-47,6,41
-47,7,41
-47,7,41
-47,7,41
-47,7,41
-47,7,41
-47,7,41
-47,7,41
-48,7,41
-48,7,40
-48,7,41
-47,7,41
-47,7,41
-48,7,40
-48,7,40
-48,7,41
-48,7,41
-47,7,41
-47,6,41
-47,7,41
-47,7,40
-48,6,40
-47,7,41
-47,7,41
-47,7,41
-47,7,41
-47,7,41
-48,6,41
-48,6,40
-48,7,41
-47,7,41
-47,7,41
-47,7,41
-47,6,41
-47,7,41
-48,7,40
-47,7,41
-47,7,41
-47,7,41
-47,7,41
-48,7,41
-48,7,41
-47,7,41
-47,7,41
-47,7,41
-47,7,41
-47,7,41
-48,6,41
-48,6,41
-48,7,41
-47,7,41
-47,7,41
-47,6,41
-48,7,41
-47,7,41
-48,7,41
-47,7,40
-47,7,41
-47,7,41
-48,7,41
-47,7,41
-47,7,41
-47,7,41
-47,7,41
-47,6,41
-47,6,41
-48,7,41
-48,7,41
-48,7,41
-47,6,41
-47,6,41
-47,7,41
-47,7,41
-47,7,41
-47,7,41
-47,7,41
-47,7,41
-47,7,41
-47,7,41
-46,6,41
-46,6,41
-47,6,41
-47,6,41
-47,7,41
-47,7,41
-47,7,41
-47,7,42
-47,7,41
-47,7,41
-47,7,41
-47,6,41
-47,7,41
-47,7,41
-47,7,41
-47,7,41
-47,6,41
-48,6,41
-48,6,41
-47,6,41
-47,7,41
-47,7,41
-47,7,41
-47,7,41
-47,7,41
-47,7,41
-46,7,41
-46,7,42
-46,7,41
-46,7,42
-47,7,41
-47,7,41
-47,7,41
-47,7,41
-47,7,41
-47,7,41
-47,7,41
-47,7,41
-47,7,41
-47,7,41
-47,7,41
-47,7,41
-47,7,41
-47,7,41
-47,7,41
-47,7,41
-47,7,41
-47,7,41
-47,7,41
-47,7,41
-47,7,41
-47,7,42
-46,7,41
-46,7,42
-47,7,41
-47,6,41
-47,6,41
-47,7,41
-47,7,41
-47,7,41
-47,7,41
-47,7,41
-47,7,41
-47,7,41
-47,7,41
-47,7,41
-47,7,41
-47,7,41
-47,6,41
-47,6,41
-47,6,41
-48,7,41
-48,7,41
-47,7,41
-47,8,41
-47,7,41
-47,7,41
-47,7,41
-47,7,41
-47,7,41
-47,7,41
-47,7,41
-46,7,42
-46,7,41
-47,7,41
-47,7,41
-48,7,41
-47,7,41
-47,7,41
-46,7,42
-47,7,42
-46,7,42
-46,7,42
-47,7,41
-47,7,41
-47,7,41
-47,7,41
-46,7,42
-46,7,42
-47,7,42
-47,7,41
-47,7,41
-47,7,41
-47,7,41
-46,7,42
-46,7,41
-47,7,41
-47,6,41
-47,6,41
-47,7,41
-47,7,41
-47,7,41
-47,7,41
-47,7,41
-47,7,41
-47,7,41
-47,7,41
-47,8,41
-47,7,41
-47,7,41
-47,7,41
-47,6,41
-46,6,41
-46,6,42
-47,6,41
-47,6,41
-47,7,41
-47,7,41
-47,7,41
-47,8,41
-47,8,41
-47,8,41
-46,7,42
-46,7,42
-47,7,41
-47,6,41
-47,6,41
-47,7,42
-47,7,41
-47,7,42
-47,7,41
-47,7,41
-47,7,41
-47,7,41
-47,7,41
-47,7,41
-47,7,41
-47,7,41
-47,7,41
-47,7,41
-47,7,41
-47,7,41
-47,7,41
-47,7,41
-47,7,41
-47,7,41
-47,7,41
-47,7,41
-47,7,42
-46,7,42
-47,7,41
-47,7,42
-47,7,41
-46,7,42
-46,7,42
-47,7,41
-47,7,41
-47,7,41
-47,7,41
-47,7,41
-47,7,41
-47,7,41
-47,7,41
-47,7,41
-47,7,41
-47,7,41
-47,7,41
-47,7,41
-47,7,41
-47,7,41
-46,7,42
-47,7,41
-47,7,41
-47,7,41
-47,7,41
-46,7,42
-46,7,41
-47,6,41
-47,7,41
-47,6,41
-47,7,41
-47,7,41
-47,7,41
-46,7,42
-47,7,41
-47,7,41
-47,7,41
-47,7,41
-47,7,41
-47,7,42
-47,7,41
-47,7,41
-47,7,41
-47,7,41
-47,7,41
-46,7,42
-46,7,42
-47,7,41
-47,7,41
-47,7,41
-46,7,42
-46,7,42
-46,7,42
-47,7,41
-47,7,41
-47,7,41
-47,7,41
-47,7,41
-46,7,42
-47,7,41
-47,7,41
-47,7,41
-47,7,41
-47,7,41
-47,7,41
-47,7,41
-47,6,41
-47,7,41
-47,7,41
-47,7,41
-47,7,41
-47,7,41
-47,7,41
-47,7,41
-47,7,41
-47,7,41
-47,7,41
-47,7,41
-47,7,41
-47,7,41
-47,7,41
-47,7,41
-47,7,41
-47,7,41
-47,7,41
-47,7,41
-47,7,41
-47,6,41
-47,7,41
-47,7,41
-47,7,42
-46,7,42
-47,7,42
-47,7,41
-47,7,41
-47,7,41
-47,7,41
-47,7,41
-47,7,41
-47,7,41
-47,7,41
-47,7,41
-47,7,41
-47,7,41
-47,7,41
-47,7,41
-47,7,41
-47,7,41
-47,7,41
-47,7,41
-47,7,41
-47,7,41
-47,7,41
-47,7,42
-47,7,41
-47,7,41
-47,7,41
-47,7,41
-47,7,41
-47,7,41
-47,7,41
-47,7,41
-47,7,41
-47,7,41
-47,7,41
-47,7,41
-47,7,41
-47,7,41
-47,7,41
-47,7,41
-48,7,41
-48,7,40
-47,7,41
-47,7,41
-47,7,41
-47,6,41
-47,6,41
-47,6,41
-47,7,41
-47,7,41
-47,7,41
-47,7,41
-47,7,41
-47,7,41
-48,6,41
-47,7,41
-47,7,41
-47,7,41
-47,7,41
-47,7,41
-47,6,41
-47,6,41
-47,6,41
-47,7,41
-47,7,41
-46,7,42
-46,7,42
-47,7,41
-48,7,41
-48,7,41
-48,7,41
-47,7,41
-47,6,41
-46,6,41
-47,6,41
-48,6,41
-48,6,40
-47,7,40
-47,7,42
-47,7,42
-47,7,41
-47,7,41
-47,7,41
-47,7,41
-47,7,41
-47,6,41
-47,6,42
-46,6,42
-46,7,42
-48,8,41
-48,7,40
-48,7,40
-47,7,42
-46,7,42
-46,7,42
-46,7,42
-47,6,42
-47,6,41
-49,6,40
-49,6,40
-47,7,41
-46,7,42
-45,7,42
-46,7,42
-46,7,42
-46,6,42
-46,6,42
-45,6,42
-45,6,42
-48,6,40
-50,6,39
-50,7,39
-48,8,41
-47,8,41
-45,8,43
-44,7,43
-46,7,42
-47,6,41
-49,6,40
-48,6,40
-47,6,41
-46,7,43
-45,8,43
-46,7,42
-46,7,42
-46,6,42
-47,6,42
-45,6,42
-45,6,42
-46,6,42
-47,7,41
-48,7,41
-47,7,41
-47,7,41
-46,7,42
-46,7,42
-47,6,41
-48,6,41
-47,6,41
-48,5,40
-48,5,40
-48,6,40
-49,7,39
-50,8,38
-50,8,39
-49,7,41
-47,6,41
-46,6,41
-47,6,41
-47,7,41
-46,6,41
-46,6,41
-48,5,41
-49,5,40
-49,6,40
-48,7,41
-45,8,42
-45,6,42
-45,5,42
-49,5,40
-51,6,39
-50,7,39
-49,7,40
-45,8,42
-44,7,42
-47,6,40
-50,5,39
-50,6,40
-48,8,41
-46,8,42
-43,6,43
-43,5,43
-47,5,41
-50,5,40
-51,8,38
-47,8,41
-45,7,43
-44,7,43
-45,6,42
-48,6,40
-50,6,40
-50,7,40
-47,7,41
-46,6,41
-46,6,42
-47,6,41
-50,5,39
-50,6,39
-49,6,40
-48,6,40
-46,7,41
-46,6,41
-46,5,41
-48,5,40
-49,6,40
-49,7,40
-48,7,40
-47,7,41
-47,7,41
-47,6,41
-48,6,41
-49,6,40
-48,6,40
-47,6,41
-47,6,41
-47,6,41
-47,6,41
-47,6,41
-48,5,41
-48,6,40
-48,6,41
-48,6,41
-47,6,41
-47,6,41
-47,6,41
-48,6,40
-48,6,40
-48,6,41
-47,6,41
-47,6,41
-47,6,41
-47,6,41
-47,6,41
-48,6,41
-47,6,41
-47,6,41
-47,6,41
-47,6,41
-48,6,41
-48,6,41
-48,6,41
-47,6,41
-47,6,41
-47,6,41
-47,6,41
-47,6,41
-47,6,41
-47,6,41
-47,6,41
-47,6,41
-47,6,41
-47,6,41
-47,6,41
-47,6,41
-48,6,41
-48,6,41
-48,6,40
-48,6,41
-48,6,41
-48,6,41
-48,6,41
-47,6,41
-47,6,41
-47,6,41
-46,6,41
-46,6,42
-47,7,41
-47,7,41
-47,7,41
-47,6,42
-47,6,41
-47,6,42
-47,6,41
-47,6,41
-47,6,42
-46,6,41
-46,7,42
-46,7,41
-46,7,42
-46,7,42
-46,8,42
-47,8,42
-47,7,42
-46,6,42
-46,6,41
-47,6,41
-47,6,41
-47,6,41
-46,6,42
-46,7,42
-46,7,42
-46,7,42
-47,7,42
-47,7,42
-47,7,42
-47,7,42
-46,7,42
-46,7,42
-46,6,42
-46,7,42
-46,7,42
-46,7,42
-46,7,43
-46,7,42
-46,7,42
-46,7,42
-46,6,42
-46,7,42
-46,7,42
-46,7,42
-46,7,42
-46,7,42
-46,7,42
-46,7,42
-46,6,42
-46,7,42
-46,7,42
-46,7,42
-46,7,42
-46,7,42
-46,7,42
-46,7,42
-46,7,42
-46,7,42
-46,6,42
-46,6,42
-46,6,42
-46,6,42
-46,7,42
-46,7,42
-46,7,42
-46,7,42
-46,7,42
-46,7,42
-46,7,42
-47,7,42
-47,7,42
-47,7,42
-46,6,42
-46,6,42
-46,6,42
-46,7,42
-46,7,42
-46,7,42
-46,6,42
-46,6,42
-46,6,42
-46,7,42
-47,7,42
-47,7,42
-46,7,42
-46,7,42
-46,6,42
-46,6,42
-46,6,42
-47,6,42
-46,6,42
-46,7,42
-46,6,42
-46,6,42
-46,6,42
-46,7,42
-47,7,42
-47,6,42
-46,7,42
-46,6,42
-46,6,42
-46,6,42
-46,6,42
-46,6,42
-47,7,42
-47,7,42
-46,6,42
-46,6,42
-46,7,42
-47,7,42
-47,6,42
-47,6,42
-46,6,42
-46,6,42
-46,6,42
-46,6,42
-46,6,42
-46,6,42
-47,6,42
-46,6,41
-46,6,42
-46,6,42
-46,7,42
-46,6,42
-47,6,42
-46,7,42
-46,6,42
-46,6,42
-46,6,42
-46,6,42
-47,6,42
-46,6,42
-46,6,42
-46,6,42
-47,6,42
-46,6,42
-46,7,42
-46,6,42
-47,6,42
-47,7,42
-47,7,42
-46,6,42
-46,6,42
-46,6,42
-46,6,42
-46,6,42
-46,6,42
-46,6,42
-46,6,42
-46,7,42
-46,7,42
-47,6,42
-47,6,41
-47,7,42
-46,7,42
-46,7,42
-46,6,42
-46,7,42
-47,6,42
-47,6,42
-46,6,42
-46,7,42
-46,7,42
-46,7,42
-47,7,42
-46,6,42
-46,7,42
-46,6,42
-46,7,42
-46,7,42
-46,7,42
-46,7,42
-46,7,42
-46,7,42
-46,6,42
-46,7,42
-46,7,42
-46,7,42
-46,7,42
-46,7,42
-46,7,42
-46,7,42
-46,7,42
-46,7,42
-46,7,42
-46,7,42
-46,7,42
-46,7,42
-46,7,42
-46,7,42
-46,7,42
-46,7,42
-46,7,42
-46,6,42
-46,7,42
-46,7,42
-46,7,42
-46,7,42
-46,7,42
-46,7,42
-46,7,42
-46,7,42
-46,7,42
-46,6,42
-46,6,42
-46,7,42
-46,7,42
-46,7,42
-46,7,42
-46,7,42
-46,7,42
-46,7,42
-46,7,42
-46,7,42
-46,7,42
-46,6,42
-46,6,42
-46,6,42
-46,7,42
-46,7,42
-46,7,42
-46,7,42
-46,7,42
-46,7,42
-46,7,42
-46,7,42
-46,7,42
-46,7,42
-46,6,42
-46,6,42
-46,6,42
-46,7,42
-46,7,42
-46,7,42
-46,7,42
-46,7,42
-46,7,42
-46,7,42
-46,7,42
-46,7,42
-46,7,42
-46,7,42
-46,7,42
-46,7,42
-46,7,42
-46,7,42
-46,7,42
-46,7,42
-46,7,42
-46,7,42
-46,7,42
-46,7,42
-46,7,42
-46,7,42
-46,7,42
-46,7,42
-46,7,42
-46,6,42
-46,7,42
-46,7,42
-46,7,42
-46,7,42
-46,7,42
-46,7,42
-46,7,43
-45,7,43
-46,7,43
-46,7,42
-46,7,43
-46,7,42
-46,7,42
-46,7,42
-46,7,42
-46,7,42
-46,7,42
-46,7,43
-46,7,42
-46,7,42
-46,7,42
-46,7,43
-45,7,43
-45,6,43
-46,6,42
-46,7,42
-46,7,43
-45,7,43
-45,7,43
-45,7,43
-45,7,43
-45,7,43
-46,7,43
-46,7,42
-46,7,42
-44,7,44
-45,7,44
-45,6,43
-45,6,42
-46,6,43
-47,6,42
-47,8,42
-46,8,43
-44,8,44
-44,7,44
-45,7,43
-47,7,42
-47,7,42
-47,7,42
-46,7,42
-44,7,43
-45,7,43
-45,7,43
-45,7,43
-46,6,42
-46,7,42
-46,7,42
-45,7,43
-44,7,43
-44,7,43
-44,7,44
-45,7,43
-46,7,42
-46,7,43
-45,7,43
-45,7,43
-45,7,43
-45,7,43
-46,7,43
-46,7,42
-45,6,42
-45,7,43
-45,7,43
-46,8,43
-46,8,42
-45,7,43
-45,7,43
-45,7,43
-46,7,43
-46,7,42
-46,7,43
-46,7,43
-45,7,42
-46,7,43
-46,7,42
-46,7,43
-45,7,43
-45,7,43
-45,7,43
-45,7,43
-45,7,43
-46,7,43
-46,7,43
-46,7,43
-45,7,43
-46,7,42
-46,7,43
-46,7,42
-46,7,43
-46,7,42
-45,7,43
-46,7,43
-46,7,42
-46,7,42
-46,7,42
-46,7,42
-46,7,43
-46,7,43
-46,7,43
-45,7,43
-46,7,42
-46,7,43
-46,7,42
-45,7,43
-46,7,43
-46,7,42
-46,7,43
-46,6,42
-46,7,42
-46,7,42
-46,7,42
-46,7,42
-46,7,42
-46,7,43
-46,7,42
-46,7,42
-46,7,42
-46,7,43
-46,6,42
-46,6,43
-46,7,42
-46,7,42
-46,7,42
-46,7,42
-45,7,43
-45,7,43
-45,7,43
-46,7,42
-46,7,42
-46,7,42
-45,7,43
-45,7,43
-45,6,43
-46,6,43
-46,6,43
-46,7,42
-46,6,43
-45,6,43
-46,7,43
-46,7,43
-46,7,43
-45,7,43
-46,7,43
-46,7,43
-46,7,42
-46,7,42
-46,7,43
-45,7,43
-45,7,43
-45,7,43
-46,7,43
-46,6,42
-46,7,42
-46,7,43
-45,7,43
-45,7,43
-45,7,43
-46,7,43
-46,7,43
-46,7,43
-45,7,43
-45,7,43
-45,7,43
-45,7,43
-45,7,43
-46,7,43
-45,7,43
-45,7,43
-45,7,43
-45,7,43
-45,7,43
-45,7,43
-45,7,43
-46,6,43
-46,7,43
-45,7,43
-45,7,43
-45,6,43
-46,6,43
-46,7,43
-46,7,43
-45,7,43
-45,7,44
-45,7,43
-46,6,42
-46,6,42
-46,7,43
-45,7,43
-45,7,43
-45,7,43
-45,7,43
-46,7,43
-46,7,43
-46,7,43
-45,7,43
-45,7,43
-45,7,43
-46,7,43
-46,7,43
-46,7,43
-45,7,43
-45,7,43
-45,7,43
-45,7,43
-45,7,43
-45,6,43
-45,7,43
-45,6,43
-45,7,43
-45,7,43
-45,6,43
-45,6,43
-46,6,42
-48,7,41
-48,7,41
-48,8,41
-47,8,42
-45,7,43
-45,7,43
-46,7,43
-46,7,43
-44,7,43
-43,6,45
-42,6,45
-43,8,45
-44,8,44
-45,8,44
-45,8,44
-43,7,44
-43,7,44
-44,7,44
-46,7,43
-46,7,42
-47,8,42
-46,8,42
-46,7,43
-46,7,43
-46,7,42
-46,7,43
-45,8,44
-44,8,43
-45,7,43
-45,7,43
-45,6,43
-45,7,42
-45,7,43
-47,8,43
-47,8,43
-45,9,42
-44,10,44
-42,10,44
-42,9,45
-42,8,45
-44,6,44
-46,6,42
-46,7,42
-47,8,43
-46,8,42
-45,7,42
-46,8,43
-46,6,42
-47,6,41
-48,5,40
-48,5,40
-48,6,41
-47,7,40
-47,7,41
-47,8,41
-47,8,41
-47,8,42
-47,8,42
-46,7,42
-46,7,42
-45,9,42
-45,8,43
-45,7,43
-44,6,42
-46,5,42
-49,4,41
-50,4,40
-50,4,40
-49,3,39
-48,3,39
-47,3,39
-50,5,39
-49,7,38
-49,8,40
-46,7,42
-46,7,41
-46,5,40
-48,6,40
-51,9,38
-51,11,39
-49,12,40
-45,10,42
-44,8,41
-48,8,39
-49,8,39
-51,9,37
-52,11,38
-48,13,41
-45,13,43
-43,12,42
-43,10,40
-46,9,41
-47,10,41
-47,12,39
-50,17,41
-47,16,43
-42,14,46
-37,14,47
-41,11,43
-41,10,42
-44,12,45
-44,12,43
-48,15,41
-46,18,44
-41,18,46
-39,16,44
-38,13,44
-43,9,43
-43,8,43
-49,10,40
-50,13,40
-46,17,45
-39,16,47
-37,14,46
-41,12,42
-44,10,42
-49,5,41
-52,6,37
-50,12,41
-49,15,44
-39,14,48
-36,9,45
-37,6,43
-41,4,43
-45,5,44
-49,7,40
-50,8,39
-50,12,41
-50,14,42
-44,12,44
-43,9,43
-43,7,41
-46,3,41
-48,3,41
-51,5,38
-51,6,37
-51,11,40
-49,12,40
-47,11,42
-43,9,42
-43,7,42
-46,4,41
-49,4,40
-49,5,39
-50,7,40
-51,9,40
-51,9,39
-46,8,40
-46,7,39
-46,6,44
-48,6,40
-47,6,38
-48,10,42
-48,11,43
-45,10,43
-44,10,43
-43,7,41
-43,7,43
-49,8,46
-45,7,37
-46,8,36
-52,10,41
-48,11,41
-50,9,36
-51,8,36
-51,6,37
-50,6,39
-49,7,40
-48,8,39
-48,8,39
-47,8,41
-47,8,42
-47,8,41
-47,8,40
-48,8,39
-48,8,40
-47,7,41
-47,6,40
-47,6,39
-49,7,40
-48,7,40
-48,8,40
-49,8,40
-48,10,40
-48,10,41
-47,10,41
-46,9,41
-46,8,41
-46,7,41
-46,6,41
-47,6,41
-47,6,41
-46,6,42
-47,6,41
-47,6,41
-48,7,41
-48,7,41
-48,7,40
-48,7,40
-48,7,40
-48,7,40
-47,7,40
-47,7,40
-48,6,40
-48,6,40
-48,7,40
-48,7,40
-48,8,41
-48,8,40
-47,8,41
-47,7,41
-47,7,41
-48,7,41
-48,7,40
-48,7,41
-47,7,41
-47,7,41
-46,8,42
-46,7,42
-46,7,41
-47,7,41
-48,7,41
-47,7,41
-47,7,41
-46,7,41
-47,8,41
-47,8,41
-48,8,41
-47,8,41
-47,7,42
-46,8,42
-46,7,41
-47,8,41
-48,8,41
-47,7,41
-48,8,41
-48,7,41
-45,8,40
-46,8,42
-46,6,41
-45,6,41
-46,7,41
-47,7,41
-48,7,41
-48,8,40
-48,8,40
-48,8,41
-48,8,41
-49,6,40
-49,6,39
-49,5,40
-48,6,40
-47,7,40
-47,7,40
-47,7,40
-47,8,41
-47,7,41
-47,7,41
-47,7,41
-48,7,41
-48,7,41
-47,7,41
-47,7,42
-47,6,42
-47,6,41
-47,6,40
-48,7,40
-48,6,40
-48,6,40
-48,7,41
-48,7,41
-48,7,41
-48,7,40
-49,7,40
-48,6,40
-48,6,40
-47,6,40
-48,6,41
-47,6,40
-48,6,41
-47,7,41
-47,7,42
-47,6,41
-47,6,40
-47,7,41
-47,7,41
-47,6,41
-47,6,41
-47,6,41
-48,7,41
-48,7,41
-47,7,41
-47,7,41
-47,6,41
-47,6,41
-47,6,41
-47,7,41
-47,6,41
-47,6,41
-47,7,41
-47,6,41
-47,6,41
-47,7,41
-47,7,41
-47,7,41
-47,7,41
-47,7,41
-47,7,41
-46,7,42
-46,7,42
-46,6,42
-46,7,42
-47,6,41
-47,6,42
-46,7,42
-47,7,41
-47,7,41
-47,7,41
-47,7,41
-46,7,42
-46,7,42
-46,7,42
-46,6,42
-47,6,41
-47,7,41
-47,7,41
-46,7,42
-46,7,42
-46,7,42
-46,7,42
-47,7,42
-47,7,41
-47,7,42
-46,7,42
-47,7,42
-47,7,42
-47,7,42
-47,7,42
-47,7,41
-46,7,42
-47,7,42
-46,7,42
-46,7,42
-46,7,42
-46,7,42
-47,7,41
-46,7,41
-46,7,42
-46,7,41
-47,7,42
-46,7,42
-47,7,42
-47,7,41
-47,7,42
-46,7,42
-46,7,42
-46,7,42
-47,7,42
-47,7,41
-47,7,42
-46,7,42
-46,7,42
-47,7,41
-47,7,42
-46,7,42
-47,7,42
-47,7,41
-47,7,41
-47,7,41
-46,7,42
-46,7,42
-47,7,42
-47,7,42
-47,8,42
-46,7,42
-46,7,42
-46,7,42
-46,7,42
-46,7,42
-47,7,42
-46,7,42
-46,7,42
-46,7,42
-46,7,42
-46,7,42
-46,7,42
-46,7,42
-46,7,42
-46,7,42
-46,7,42
-46,7,42
-47,7,41
-47,7,41
-47,7,42
-47,7,42
-47,7,41
-47,7,41
-47,7,41
-47,7,41
-47,7,41
-46,7,42
-46,7,41
-47,6,41
-47,7,41
-47,7,41
-47,7,42
-46,7,42
-46,7,42
-46,7,42
-46,7,42
-47,7,42
-47,7,42
-46,7,42
-46,7,42
-46,7,42
-46,7,42
-47,7,42
-47,7,42
-47,7,42
-47,7,42
-47,7,42
-46,7,42
-46,7,42
-46,7,42
-46,7,42
-46,7,42
-46,7,42
-46,7,42
-47,7,42
-46,7,42
-46,7,42
-46,7,42
-46,7,42
-46,7,42
-47,7,42
-47,7,42
-46,7,42
-46,7,42
-46,7,42
-46,7,42
-46,7,42
-46,7,42
-46,7,41
-46,7,42
-46,7,42
-46,7,42
-45,7,43
-46,7,42
-46,7,42
-47,7,41
-47,7,41
-48,8,40
-49,8,40
-48,8,40
-47,8,41
-46,8,42
-46,8,42
-46,8,42
-45,8,42
-46,7,42
-46,7,42
-46,7,42
-47,7,42
-46,8,42
-46,8,42
-45,8,42
-45,8,43
-46,8,42
-46,8,42
-47,8,42
-47,8,41
-47,8,42
-46,8,42
-45,8,42
-46,8,42
-46,8,42
-46,7,42
-47,7,41
-47,8,42
-46,8,42
-46,8,42
-46,8,42
-46,9,42
-46,9,42
-46,9,42
-46,9,43
-46,8,42
-46,8,42
-45,8,42
-46,8,42
-46,7,42
-46,7,43
-46,7,42
-46,8,42
-45,8,43
-45,8,43
-45,8,43
-47,8,42
-48,8,41
-47,8,42
-46,8,42
-45,8,43
-45,8,42
-46,8,42
-46,8,42
-46,8,42
-46,7,42
-46,7,42
-47,7,41
-47,7,42
-47,7,42
-47,7,42
-47,8,41
-47,8,42
-47,8,42
-45,7,42
-44,7,42
-46,7,42
-46,6,41
-48,6,40
-48,6,41
-47,8,42
-47,9,42
-46,9,42
-46,8,43
-46,9,42
-46,8,42
-46,7,42
-46,7,42
-46,7,42
-46,8,42
-46,8,42
-46,8,42
-46,8,42
-45,8,42
-46,8,42
-46,7,42
-46,8,42
-46,8,42
-46,8,42
-46,8,42
-46,8,42
-46,8,42
-46,7,42
-46,7,42
-46,7,42
-46,7,42
-46,7,42
-46,7,42
-46,7,42
-46,7,42
-46,7,41
-47,8,41
-47,8,41
-47,8,41
-46,8,42
-46,8,42
-46,8,42
-46,8,42
-46,7,42
-46,7,42
-46,7,42
-46,7,42
-46,7,42
-46,8,42
-46,8,42
-46,7,42
-46,8,43
-46,8,42
-46,8,42
-46,8,42
-46,7,42
-46,7,42
-46,7,42
-47,7,42
-47,7,41
-46,7,42
-47,7,42
-46,7,41
-48,8,41
-47,7,41
-47,6,41
-46,6,41
-46,6,42
-47,7,41
-47,7,41
-47,6,41
-47,6,42
-46,6,42
-47,6,42
-46,6,42
-46,6,42
-46,7,42
-46,7,42
-47,7,42
-47,7,42
-46,6,42
-46,6,42
-47,6,42
-47,6,42
-47,7,41
-46,6,42
-46,7,42
-47,6,42
-46,6,42
-46,6,42
-46,6,41
-47,6,41
-47,7,42
-46,7,42
-46,6,42
-45,7,43
-46,7,42
-46,7,42
-47,7,42
-47,6,41
-47,6,42
-46,6,42
-46,7,42
-46,7,42
-47,7,42
-47,7,42
-47,6,42
-46,6,41
-46,6,42
-46,6,42
-46,7,42
-46,7,42
-46,6,42
-46,6,42
-46,6,42
-46,7,42
-46,6,42
-46,6,42
-46,6,42
-47,6,42
-47,7,42
-47,6,42
-46,7,42
-46,7,42
-46,7,42
-46,6,42
-46,6,42
-47,6,42
-47,6,42
-46,6,42
-46,7,42
-46,6,42
-46,7,42
-46,6,42
-46,6,42
-47,7,42
-46,6,42
-46,7,42
-46,7,42
-46,7,42
-47,7,42
-47,7,42
-46,7,42
-46,7,42
-46,7,42
-46,7,42
-46,7,42
-46,7,42
-46,7,42
-46,6,42
-46,7,42
-46,7,42
-46,7,42
-46,7,42
-46,7,42
-46,7,42
-46,7,42
-46,7,42
-46,7,42
-46,7,42
-46,7,42
-46,7,42
-46,7,42
-46,7,42
-46,7,42
-46,7,42
-46,7,42
-46,7,42
-46,7,42
-46,7,42
-46,7,42
-46,7,42
-46,7,42
-46,7,42
-46,7,42
-46,7,42
-46,7,42
-46,7,42
-46,7,42
-46,7,42
-46,7,42
-46,7,42
-46,7,42
-46,7,42
-46,7,42
-47,7,42
-46,7,41
-46,7,42
-46,7,42
-46,7,42
-46,6,42
-46,7,42
-46,7,42
-46,7,42
-46,7,42
-46,7,42
-46,7,42
-46,7,42
-46,7,42
-46,7,42
-47,7,42
-46,7,42
-46,7,42
-46,6,42
-47,6,42
-46,7,42
-46,7,42
-46,7,42
-46,7,42
-46,7,42
-46,7,42
-46,7,42
-46,6,42
-46,6,42
-47,7,42
-47,7,42
-46,7,42
-46,7,42
-46,7,42
-46,7,42
-46,6,42
-46,6,42
-46,7,42
-46,6,42
-46,7,42
-46,7,42
-46,7,42
-46,6,42
-46,7,42
-46,7,42
-46,7,42
-46,7,42
-46,7,42
-46,6,42
-46,7,42
-46,6,42
-46,7,42
-46,7,42
-46,7,42
-46,7,42
-46,6,42
-46,7,42
-46,7,42
-47,7,42
-47,7,42
-46,7,42
-45,7,43
-45,6,43
-45,6,43
-46,6,42
-46,6,42
-46,6,42
-46,7,42
-46,7,42
-45,7,43
-45,7,43
-46,7,42
-47,6,42
-47,6,42
-47,6,41
-47,7,42
-47,7,42
-46,7,42
-46,7,43
-46,6,42
-46,6,42
-46,6,42
-46,6,42
-46,6,42
-46,6,42
-46,7,42
-46,7,43
-45,7,43
-45,7,43
-46,7,43
-46,8,42
-46,7,42
-45,7,43
-46,7,42
-46,8,42
-46,8,42
-44,8,42
-44,8,43
-45,9,44
-44,9,44
-45,9,43
-44,8,43
-43,7,44
-43,8,44
-43,8,43
-47,9,42
-47,10,41
-46,11,43
-44,11,44
-43,11,44
-44,10,43
-44,9,42
-46,9,42
-47,9,42
-48,10,40
-48,11,40
-49,12,40
-48,12,40
-47,12,42
-46,12,42
-47,11,42
-48,10,41
-50,9,38
-52,8,37
-51,7,37
-50,7,37
-49,7,38
-48,8,39
-48,8,38
-51,7,37
-51,7,39
-49,7,39
-49,6,38
-51,6,37
-51,5,34
-52,5,34
-51,5,37
-50,4,38
-49,4,37
-49,5,37
-50,5,38
-47,8,41
-47,8,40
-46,10,40
-47,11,41
-46,12,41
-46,12,41
-45,11,42
-45,11,42
-47,10,40
-49,11,42
-49,10,41
-48,9,36
-51,9,37
-51,10,38
-50,10,37
-49,11,38
-50,10,38
-51,8,36
-50,8,38
-50,7,37
-50,6,36
-50,6,38
-51,6,38
-51,5,37
-50,5,37
-50,5,39
-49,5,38
-50,5,37
-51,5,37
-51,5,37
-51,4,38
-49,4,39
-48,5,39
-49,6,41
-48,6,42
-46,7,42
-45,8,43
-46,8,42
-46,8,41
-46,7,40
-48,6,40
-48,6,40
-48,7,41
-48,7,40
-48,8,40
-48,8,41
-47,8,41
-47,8,41
-47,7,41
-47,7,41
-46,7,41
-46,7,41
-47,7,41
-48,8,41
-48,9,41
-45,9,42
-41,7,43
-42,8,44
-47,9,43
-49,9,40
-52,10,38
-51,9,39
-47,9,41
-46,8,41
-45,9,41
-48,9,41
-48,8,40
-47,9,40
-48,10,41
-47,9,42
-46,9,41
-48,9,41
-48,9,41
-48,9,41
-46,8,41
-45,8,42
-46,9,42
-46,9,41
-47,9,41
-47,9,41
-48,8,41
-48,9,40
-48,9,40
-47,9,41
-47,9,41
-47,9,40
-47,9,40
-47,9,41
-47,9,41
-46,9,41
-46,9,41
-47,10,42
-47,9,41
-47,9,40
-47,9,40
-47,8,41
-46,9,41
-46,9,41
-46,10,42
-46,9,42
-47,9,41
-47,9,40
-48,9,40
-48,9,40
-47,9,41
-47,9,41
-46,9,41
-46,10,41
-47,10,41
-47,9,41
-48,9,41
-47,9,40
-47,9,41
-47,9,41
-47,9,41
-47,9,40
-47,9,41
-47,9,40
-46,9,41
-46,9,41
-47,9,41
-48,10,40
-48,10,41
-47,9,41
-46,9,41
-47,9,41
-47,9,41
-48,9,40
-48,9,40
-47,9,41
-47,10,41
-47,10,41
-47,10,41
-47,10,41
-47,9,41
-47,9,41
-48,9,40
-48,9,40
-47,9,41
-46,9,41
-46,9,41
-47,9,40
-48,9,40
-47,9,41
-47,9,41
-47,9,41
-47,9,41
-47,9,41
-47,10,41
-47,10,41
-48,9,40
-47,10,40
-48,10,40
-47,10,40
-47,9,41
-47,9,41
-46,10,41
-46,9,40
-47,9,41
-48,8,40
-48,8,40
-48,10,40
-49,11,40
-47,10,40
-48,11,40
-47,9,41
-47,8,41
-47,8,40
-49,8,38
-49,8,38
-49,9,38
-50,9,39
-50,8,38
-50,9,39
-49,10,39
-49,10,39
-47,9,41
-46,8,41
-46,8,41
-47,8,41
-47,8,41
-47,9,41
-47,9,40
-47,10,40
-47,10,40
-48,11,42
-46,11,42
-45,12,42
-46,12,41
-46,11,41
-47,10,40
-47,9,40
-47,9,41
-47,9,41
-47,9,40
-48,9,39
-49,10,40
-47,9,39
-47,10,40
-48,10,40
-49,10,40
-49,9,38
-48,8,39
-48,9,40
-48,9,39
-47,8,40
-47,7,41
-47,7,40
-48,7,39
-48,9,39
-50,10,39
-48,10,38
-48,9,39
-48,9,40
-49,8,40
-49,6,38
-48,6,37
-45,6,38
-50,7,40
-54,10,38
-49,8,38
-52,10,36
-52,13,39
-46,11,42
-47,9,37
-48,8,36
-50,6,38
-51,7,38
-52,9,38
-51,10,37
-47,10,40
-46,10,42
-43,11,42
-44,10,42
-44,9,42
-45,9,43
-46,9,41
-49,9,39
-50,9,39
-50,10,38
-49,11,39
-49,12,40
-48,10,40
-47,9,39
-47,9,39
-48,8,40
-48,6,39
-49,7,38
-50,9,39
-50,9,38
-48,10,40
-47,9,41
-45,8,42
-46,7,40
-48,6,40
-49,7,40
-50,8,39
-50,10,38
-50,10,39
-48,9,41
-48,9,40
-48,8,38
-49,8,39
-48,8,40
-48,8,40
-48,7,40
-47,8,40
-47,8,40
-48,8,40
-48,8,40
-50,7,39
-49,7,39
-48,7,40
-48,8,40
-48,9,40
-49,9,39
-49,9,39
-48,9,39
-48,9,40
-48,9,39
-48,8,39
-48,8,39
-48,8,40
-48,8,39
-49,8,39
-48,8,39
-48,8,39
-48,8,40
-48,8,40
-48,8,40
-48,8,40
-48,8,40
-48,9,40
-48,8,40
-48,8,40
-48,9,40
-48,9,40
-48,9,40
-48,8,40
-48,9,40
-48,8,40
-48,8,40
-48,8,40
-48,8,40
-48,9,40
-48,9,40
-48,8,40
-48,9,40
-48,9,40
-48,9,40
-48,9,40
-48,8,40
-48,8,40
-48,8,40
-48,8,40
-48,8,40
-48,8,40
-47,9,40
-48,9,40
-48,8,40
-48,8,40
-48,9,40
-48,8,40
-48,9,40
-48,9,40
-48,9,40
-47,9,40
-47,8,40
-47,8,41
-48,8,40
-49,8,39
-48,9,40
-48,9,40
-47,9,41
-47,9,41
-47,9,41
-47,8,41
-47,8,40
-48,7,40
-48,8,40
-48,8,40
-48,9,40
-48,9,40
-48,9,40
-48,9,41
-47,8,40
-47,8,40
-48,8,39
-48,8,40
-49,9,39
-48,9,40
-48,9,40
-47,9,41
-47,8,40
-48,8,40
-49,8,40
-48,8,40
-48,8,40
-47,8,40
-47,9,40
-48,9,40
-48,9,40
-48,8,40
-48,8,40
-48,8,40
-47,8,40
-47,8,40
-48,8,40
-48,8,40
-48,8,40
-49,8,40
-48,8,40
-47,8,41
-47,8,40
-48,8,40
-48,8,40
-48,8,40
-48,9,40
-47,9,40
-47,9,40
-48,8,40
-48,8,40
-48,8,40
-48,8,40
-48,8,40
-47,8,40
-48,8,40
-48,8,40
-48,8,40
-48,8,40
-48,8,40
-48,8,40
-47,8,41
-47,8,40
-48,8,40
-48,8,40
-48,8,40
-48,8,40
-48,8,40
-48,8,40
-48,8,40
-48,8,40
-48,8,40
-48,8,40
-48,8,40
-48,9,40
-47,9,40
-48,8,40
-48,8,40
-48,8,40
-48,8,40
-48,9,40
-48,9,40
-47,8,40
-48,8,40
-48,8,40
-48,8,40
-47,8,40
-48,8,40
-48,8,40
-47,8,41
-47,8,40
-47,8,40
-48,9,40
-48,9,40
-48,8,40
-48,9,40
-47,8,40
-47,8,40
-48,8,40
-48,8,40
-48,8,40
-47,9,40
-47,9,41
-48,8,40
-48,8,40
-48,8,40
-47,8,40
-47,7,40
-48,8,40
-49,9,40
-49,9,39
-49,9,39
-47,9,41
-47,9,41
-47,8,40
-48,8,40
-48,8,40
-47,8,40
-47,8,41
-47,8,41
-47,8,41
-47,8,41
-48,8,41
-48,8,40
-48,8,40
-48,8,40
-48,8,41
-47,8,41
-47,9,41
-47,9,41
-47,9,41
-47,8,41
-48,8,40
-49,8,39
-48,8,40
-48,8,40
-47,8,41
-47,8,41
-47,8,41
-48,8,40
-48,8,40
-47,8,40
-47,8,40
-47,8,41
-47,8,40
-47,8,41
-48,8,40
-48,8,40
-48,8,40
-48,8,40
-47,8,41
-47,8,40
-48,8,40
-48,8,40
-48,8,41
-47,8,40
-47,8,40
-47,8,41
-47,8,40
-48,8,40
-47,8,40
-48,8,40
-47,8,40
-47,8,41
-47,8,40
-47,8,40
-48,8,40
-48,8,40
-47,8,40
-47,9,40
-47,8,41
-47,8,41
-48,8,40
-48,8,40
-47,8,41
-48,8,40
-48,8,41
-47,8,40
-47,8,40
-48,8,40
-48,8,40
-48,8,40
-47,8,40
-47,8,41
-47,8,40
-48,8,40
-48,8,40
-48,8,40
-48,8,41
-48,8,40
-48,8,40
-47,8,40
-48,8,40
-48,8,41
-48,8,40
-48,8,40
-48,8,40
-47,8,41
-47,8,41
-48,8,40
-48,8,40
-47,8,40
-47,8,40
-48,8,41
-48,8,41
-47,8,40
-47,8,41
-47,8,40
-48,8,40
-48,8,40
-47,8,40
-48,8,41
-47,8,40
-48,8,41
-48,8,40
-47,8,41
-47,8,40
-48,8,40
-48,8,40
-48,8,40
-48,8,41
-48,8,40
-48,8,40
-48,9,40
-47,9,40
-47,8,40
-48,8,40
-48,8,40
-48,8,40
-48,8,41
-48,8,40
-47,8,40
-47,8,41
-47,8,41
-47,8,41
-48,8,40
-48,8,40
-48,8,40
-47,8,40
-47,8,41
-48,8,40
-48,8,40
-48,8,40
-48,8,40
-47,8,41
-47,8,41
-47,8,41
-47,8,41
-48,8,40
-48,8,40
-48,9,40
-47,9,41
-47,8,40
-48,8,40
-47,8,40
-48,8,40
-48,8,40
-48,8,40
-47,8,40
-47,8,41
-47,8,41
-48,8,40
-48,8,40
-48,8,40
-47,8,41
-47,8,41
-47,8,40
-48,8,40
-48,8,40
-48,8,40
-48,8,40
-47,8,40
-48,8,40
-47,8,41
-48,8,41
-48,8,40
-47,8,40
-47,8,41
-47,8,41
-47,8,40
-48,8,40
-47,8,40
-47,8,40
-47,8,40
-48,8,41
-47,8,40
-47,8,41
-47,8,40
-48,8,40
-48,8,40
-48,8,40
-48,8,40
-48,8,40
-47,8,41
-47,8,41
-47,8,41
-48,8,41
-48,8,40
-47,8,41
-47,8,41
-47,8,40
-48,8,40
-48,8,40
-48,8,40
-47,8,41
-47,8,40
-48,8,40
-48,8,40
-48,8,40
-48,8,40
-48,8,40
-48,8,40
-47,8,40
-47,8,40
-48,8,40
-48,8,40
-48,8,40
-48,8,40
-48,8,41
-47,8,41
-46,8,41
-46,9,41
-47,8,41
-48,8,40
-49,8,39
-49,9,39
-48,9,40
-47,8,41
-47,7,41
-47,8,40
-48,8,40
-48,7,40
-48,7,40
-49,8,40
-49,9,40
-48,9,40
-46,8,41
-46,8,42
-47,7,41
-47,7,40
-49,8,39
-48,8,40
-47,8,40
-48,9,40
-48,9,40
-48,8,40
-49,8,40
-48,8,40
-48,8,40
-48,8,40
-48,8,40
-48,8,40
-48,8,40
-47,8,40
-47,8,41
-47,8,41
-46,7,40
-50,8,40
-50,7,39
-48,6,38
-47,6,40
-47,7,42
-47,7,42
-48,7,40
-47,7,40
-48,7,40
-48,8,39
-50,9,39
-49,9,39
-48,7,41
-49,7,40
-49,7,39
-48,8,40
-49,8,41
-48,7,40
-48,6,39
-48,6,40
-48,6,40
-47,6,40
-47,8,41
-47,8,41
-46,7,41
-47,7,41
-47,6,41
-47,6,41
-48,7,40
-49,7,41
-47,7,41
-47,7,41
-47,7,41
-47,7,40
-48,7,40
-47,7,41
-47,7,41
-46,7,41
-47,7,41
-47,8,41
-48,7,40
-48,7,40
-47,7,41
-47,7,41
-47,8,41
-47,7,41
-48,7,41
-47,7,41
-47,7,41
-47,7,41
-46,7,41
-47,7,41
-47,7,41
-48,8,40
-48,8,40
-48,7,40
-47,7,41
-48,7,41
-48,7,41
-47,7,41
-47,7,41
-47,7,41
-48,7,41
-48,7,41
-47,8,41
-46,7,41
-45,7,41
-46,8,41
-47,8,40
-50,9,39
-52,10,39
-52,10,39
-50,10,39
-45,8,42
-43,8,43
-45,5,42
-46,3,41
-47,2,40
-48,10,41
-51,13,39
-50,12,38
-48,11,39
-46,8,41
-44,6,43
-45,7,43
-47,8,41
-51,9,38
-51,10,38
-49,10,39
-45,9,42
-43,9,43
-43,8,45
-44,7,44
-46,6,41
-43,7,40
-49,7,43
-47,8,41
-49,8,38
-50,9,39
-49,8,40
-48,8,40
-48,8,40
-49,8,40
-48,8,40
-48,7,39
-49,7,39
-49,7,39
-49,7,39
-49,7,39
-48,7,39
-48,8,40
-47,7,40
-47,7,40
-48,7,40
-48,7,39
-48,7,40
-48,7,40
-48,7,40
-49,8,40
-50,8,40
-48,7,40
-47,7,40
-48,6,39
-48,6,38
-49,6,38
-50,7,38
-50,7,39
-48,8,39
-48,8,40
-49,9,40
-49,8,39
-50,7,38
-50,7,38
-49,7,38
-48,7,39
-48,8,40
-48,8,40
-48,7,40
-47,7,40
-47,7,40
-48,7,40
-48,8,40
-48,8,40
-49,8,39
-49,8,39
-49,7,39
-50,8,39
-50,8,39
-49,8,40
-47,8,40
-47,8,41
-46,7,41
-47,7,41
-49,7,39
-49,7,39
-50,7,39
-49,6,39
-48,6,39
-49,5,39
-50,5,39
-49,5,39
-50,5,38
-50,4,38
-50,5,38
-50,5,38
-50,4,38
-50,4,38
-49,5,39
-50,5,39
-50,5,37
-51,5,38
-50,5,38
-49,6,37
-50,6,38
-49,6,37
-50,6,37
-51,8,36
-50,9,37
-50,11,38
-51,12,38
-48,11,40
-49,10,40
-50,10,39
-50,9,39
-50,9,39
-48,8,39
-47,9,38
-48,8,39
-49,8,39
-50,7,38
-50,7,37
-49,6,36
-51,8,40
-51,9,40
-51,8,36
-50,7,34
-46,9,39
-46,10,42
-41,10,46
-46,9,41
-48,9,39
-49,9,39
-48,8,41
-48,6,41
-48,5,40
-48,7,40
-48,9,40
-48,11,40
-48,10,40
-48,10,39
-45,11,41
-42,12,42
-43,15,45
-45,16,46
-43,14,44
-39,14,45
-41,15,47
-40,14,46
-43,13,44
-48,11,42
-50,10,40
-50,9,39
-50,7,38
-48,7,38
-48,6,40
-48,7,41
-50,9,41
-54,9,36
-50,6,36
-49,5,38
-46,6,41
-45,6,43
-47,6,41
-47,6,38
-46,6,39
-46,7,42
-45,7,44
-45,7,43
-46,8,42
-46,8,43
-45,9,43
-46,8,43
-46,7,42
-46,6,40
-46,6,41
-48,7,42
-48,7,41
-46,8,42
-47,8,42
-44,7,41
-45,8,43
-47,8,42
-48,7,41
-48,7,40
-48,7,41
-47,7,41
-46,7,41
-47,7,41
-47,7,41
-47,7,41
-47,7,41
-47,7,41
-47,7,41
-47,7,41
-47,7,41
-47,7,41
-47,7,41
-47,7,41
-47,7,41
-47,7,41
-47,7,41
-47,7,41
-47,7,41
-47,7,41
-47,7,41
-47,7,41
-47,7,42
-47,7,41
-47,7,41
-47,7,41
-47,7,41
-47,7,41
-47,7,41
-47,7,41
-47,7,41
-47,7,41
-47,7,41
-47,7,41
-47,7,41
-47,7,41
-47,7,41
-47,7,41
-47,7,41
-47,7,41
-47,7,41
-47,7,41
-46,7,41
-47,7,41
-47,7,41
-47,7,41
-47,7,41
-47,7,41
-47,7,41
-47,7,41
-48,7,41
-47,7,41
-47,7,41
-46,7,41
-47,7,41
-47,7,42
-47,7,41
-47,7,41
-47,7,41
-47,7,41
-47,7,41
-47,7,41
-46,7,42
-47,7,41
-47,7,41
-47,7,41
-47,7,41
-47,7,41
-47,7,41
-47,7,41
-47,7,41
-47,7,41
-47,7,41
-47,7,41
-47,7,41
-47,7,41
-47,7,41
-47,7,41
-47,7,41
-47,7,41
-47,7,41
-46,7,41
-46,7,41
-47,7,41
-47,7,41
-47,7,41
-47,7,41
-47,7,41
-47,7,41
-47,7,41
-47,7,41
-47,7,41
-47,7,41
-47,7,41
-47,7,41
-47,7,41
-47,7,42
-47,7,41
-47,7,41
-46,7,41
-47,7,41
-47,7,41
-47,7,41
-47,7,41
-47,7,41
-47,7,42
-47,7,41
-47,7,41
-47,7,41
-47,7,41
-47,7,41
-47,7,41
-47,7,41
-47,7,41
-47,7,41
-47,7,42
-47,7,41
-47,7,41
-47,7,41
-47,7,41
-47,7,41
-47,7,42
-47,7,42
-47,7,41
-47,7,41
-47,7,41
-46,7,41
-46,7,41
-47,7,41
-47,7,41
-47,7,41
-47,7,41
-47,7,41
-46,7,42
-46,7,42
-47,7,41
-47,7,41
-47,7,41
-47,7,41
-47,7,41
-47,7,41
-46,7,41
-47,7,42
-47,7,41
-47,7,41
-47,7,41
-47,7,41
-47,7,41
-47,7,41
-47,7,41
-46,7,42
-47,7,42
-47,7,41
-47,7,41
-47,7,41
-46,7,42
-46,7,42
-47,7,41
-47,7,41
-47,7,41
-47,7,41
-47,7,41
-47,7,41
-47,7,42
-47,7,41
-47,7,42
-47,7,41
-47,7,41
-47,7,41
-47,7,41
-47,7,42
-47,7,41
-47,7,41
-47,7,41
-47,7,41
-47,7,42
-47,7,41
-47,7,42
-47,7,41
-47,7,41
-47,7,41
-47,7,41
-47,7,42
-46,7,42
-47,7,41
-47,7,41
-47,7,41
-47,7,41
-47,7,41
-47,7,41
-47,7,41
-47,7,41
-47,7,41
-47,7,41
-47,7,41
-47,7,41
-47,7,41
-47,7,41
-47,7,41
-47,7,41
-47,7,41
-47,7,41
-47,7,41
-47,7,41
-47,7,41
-47,7,41
-47,7,41
-47,7,41
-48,7,41
-47,7,41
-47,7,41
-46,7,42
-47,7,41
-47,7,41
-47,7,41
-47,7,41
-47,7,41
-47,7,41
-47,7,41
-47,7,41
-47,7,41
-47,7,41
-47,7,41
-47,7,41
-47,7,41
-47,7,41
-47,7,41
-47,7,41
-47,7,41
-47,7,41
-47,7,41
-47,7,41
-47,7,41
-47,7,41
-47,7,42
-46,7,42
-46,7,42
-47,7,41
-47,7,41
-47,7,41
-46,7,42
-46,7,42
-47,7,42
-47,7,42
-46,7,42
-47,7,42
-47,7,41
-47,7,41
-46,7,42
-46,7,42
-46,7,42
-47,7,42
-47,7,41
-47,7,42
-47,7,42
-46,7,41
-46,7,42
-47,7,41
-46,7,41
-47,7,42
-47,7,40
-47,7,40
-48,7,42
-47,8,42
-46,9,43
-44,9,43
-43,8,43
-46,7,42
-47,6,41
-48,6,41
-47,6,41
-47,6,41
-47,6,42
-46,7,42
-46,8,42
-46,8,42
-46,8,42
-46,7,42
-47,7,42
-46,7,41
-47,7,41
-46,7,42
-46,7,42
-46,7,42
-45,7,42
-46,7,42
-46,7,42
-46,7,42
-47,8,42
-46,7,42
-46,7,42
-46,7,42
-47,7,41
-46,7,42
-46,7,42
-46,7,42
-46,7,42
-46,7,42
-46,7,42
-46,7,42
-46,7,42
-46,7,42
-46,7,42
-46,8,42
-46,7,42
-47,7,42
-47,7,42
-46,7,42
-46,8,42
-46,7,42
-46,7,42
-46,7,42
-46,7,42
-46,7,42
-46,7,42
-46,7,42
-46,7,42
-46,8,42
-46,7,42
-47,7,42
-46,8,42
-46,7,42
-46,7,42
-46,7,42
-46,7,42
-47,7,41
-47,7,42
-46,7,42
-46,7,42
-46,7,42
-46,7,42
-46,7,42
-46,7,42
-46,7,42
-46,7,42
-46,7,42
-46,7,42
-46,7,42
-46,7,42
-46,7,42
-46,7,42
-46,7,42
-46,7,42
-46,7,42
-46,7,42
-46,7,42
-46,7,42
-47,7,42
-46,7,42
-46,8,42
-46,7,42
-46,7,42
-47,7,42
-47,7,41
-46,7,42
-46,8,42
-45,7,42
-46,7,42
-46,7,42
-46,7,42
-46,7,42
-46,7,42
-46,7,42
-46,7,42
-46,7,42
-46,7,42
-46,7,42
-46,7,42
-46,8,42
-46,8,42
-46,7,42
-46,7,42
-46,7,42
-47,7,42
-46,7,42
-46,7,42
-46,7,42
-46,7,42
-46,7,42
-47,7,42
-47,8,41
-47,8,41
-46,8,42
-46,7,42
-46,7,42
-46,7,42
-46,7,42
-46,7,42
-46,7,42
-46,7,42
-46,7,42
-46,7,42
-46,7,42
-46,7,42
-46,7,42
-46,7,42
-46,7,42
-46,7,42
-46,7,42
-46,7,42
-47,7,42
-46,7,42
-46,7,42
-46,7,42
-46,7,42
-46,7,42
-47,7,42
-46,7,42
-46,7,42
-46,7,42
-46,7,42
-46,7,42
-46,7,42
-46,7,42
-46,7,42
-46,7,42
-46,7,42
-46,7,42
-46,7,42
-46,7,42
-46,7,42
-47,7,42
-46,7,42
-46,7,42
-47,7,42
-47,7,41
-47,7,41
-47,7,41
-47,7,42
-47,7,42
-46,7,42
-46,7,42
-46,7,42
-47,7,41
-47,7,41
-47,7,42
-46,7,42
-46,7,42
-46,7,42
-47,7,42
-47,7,41
-47,7,41
-47,7,41
-47,7,41
-47,7,41
-47,7,41
-47,7,41
-47,7,41
-47,7,41
-47,7,41
-47,7,41
-46,7,41
-47,7,41
-47,7,41
-47,7,41
-47,7,41
-47,7,41
-47,7,41
-47,7,41
-46,7,41
-47,7,41
-47,7,41
-47,7,41
-47,7,41
-47,7,41
-47,7,42
-47,7,42
-47,7,41
-47,7,41
-47,7,41
-47,7,42
-47,7,41
-47,7,42
-47,7,42
-47,7,41
-47,7,41
-47,7,42
-47,7,41
-47,7,41
-47,7,41
-47,7,41
-46,7,41
-48,6,41
-47,6,41
-47,7,41
-47,8,42
-47,8,42
-47,8,41
-47,8,41
-45,8,42
-45,7,41
-46,8,42
-47,8,42
-47,7,42
-47,7,41
-47,6,41
-48,6,40
-48,7,40
-49,8,39
-48,8,40
-49,9,40
-48,9,40
-48,10,41
-47,10,41
-46,9,42
-45,8,43
-43,8,42
-44,8,42
-45,9,43
-46,9,44
-45,9,43
-43,8,44
-44,8,44
-45,7,43
-46,7,43
-47,7,42
-48,6,41
-47,6,40
-47,6,41
-47,6,42
-46,5,42
-46,4,41
-46,4,41
-47,4,41
-48,4,40
-48,4,39
-48,4,39
-49,5,39
-49,6,40
-48,6,39
-48,5,39
-47,6,42
-46,7,43
-47,8,42
-47,8,42
-46,7,43
-45,6,41
-45,5,40
-48,5,40
-49,7,42
-53,6,40
-48,4,37
-48,6,40
-47,6,42
-46,5,41
-47,5,39
-50,5,40
-48,4,39
-48,4,39
-52,8,43
-52,6,41
-43,4,38
-45,5,42
-47,7,44
-46,7,41
-48,7,39
-47,6,40
-45,6,43
-49,7,44
-46,6,42
-44,6,41
-46,7,43
-45,7,44
-45,7,43
-47,6,41
-46,6,43
-47,6,43
-47,7,42
-46,7,42
-47,7,42
-47,7,42
-47,7,42
-47,6,41
-46,6,41
-47,6,42
-48,6,42
-47,6,41
-47,5,41
-46,6,42
-46,7,44
-47,6,41
-45,5,39
-47,7,43
-47,7,43
-47,7,41
-47,7,40
-46,6,42
-47,6,42
-47,6,42
-47,6,41
-47,6,41
-47,6,42
-46,6,41
-46,6,41
-47,6,42
-47,6,42
-47,6,41
-47,6,41
-47,6,41
-47,6,41
-46,6,42
-46,6,41
-47,6,41
-47,6,41
-47,6,41
-47,6,42
-46,6,42
-46,6,42
-47,6,41
-47,6,42
-47,6,41
-47,6,42
-46,6,42
-47,6,42
-47,6,42
-47,6,41
-47,6,41
-47,6,41
-47,6,41
-47,6,42
-47,6,41
-47,6,41
-47,6,41
-47,6,41
-47,6,41
-46,6,42
-46,6,42
-47,6,42
-47,6,42
-47,6,42
-47,6,42
-46,6,42
-46,6,42
-46,6,42
-46,6,42
-46,6,42
-46,6,42
-46,6,42
-47,6,42
-46,6,42
-47,6,42
-47,6,41
-47,6,41
-47,6,42
-47,6,41
-47,6,41
-47,6,41
-47,6,41
-47,6,41
-47,6,42
-47,6,42
-47,6,42
-47,6,41
-47,6,42
-46,6,42
-46,6,42
-46,6,42
-46,6,42
-46,6,42
-47,6,41
-47,6,42
-47,6,42
-47,7,42
-46,6,42
-47,6,42
-47,6,41
-47,6,42
-47,6,41
-47,6,42
-47,6,42
-47,6,41
-47,6,41
-46,6,42
-47,6,42
-46,6,41
-47,6,42
-46,6,42
-47,6,42
-47,6,42
-46,6,42
-46,6,42
-46,6,42
-46,6,42
-47,6,41
-47,6,42
-47,6,42
-47,6,41
-47,6,41
-47,6,42
-47,6,42
-47,6,42
-47,6,42
-46,6,42
-46,6,42
-46,6,42
-46,6,42
-46,6,42
-47,6,42
-47,6,42
-46,6,42
-46,6,42
-47,6,42
-47,6,42
-47,6,42
-47,6,42
-47,6,42
-47,6,42
-47,6,41
-46,6,42
-47,6,42
-47,6,42
-47,6,41
-47,6,42
-47,6,42
-47,7,42
-47,6,42
-47,6,42
-47,6,42
-46,6,41
-47,6,42
-47,6,42
-46,6,42
-46,6,41
-46,6,42
-46,6,42
-47,6,42
-47,6,42
-47,6,42
-46,6,42
-46,6,42
-46,6,42
-46,6,42
-46,6,42
-46,6,42
-46,6,42
-46,6,42
-46,6,42
-46,6,42
-46,6,42
-46,6,42
-46,6,42
-46,6,42
-47,6,42
-46,6,42
-47,6,42
-47,6,42
-46,6,42
-47,6,42
-46,6,42
-46,6,42
-47,6,42
-46,6,42
-46,6,42
-46,6,42
-46,6,42
-47,6,42
-47,6,42
-47,6,42
-47,6,42
-46,6,42
-46,6,42
-46,6,42
-46,6,42
-46,5,42
-47,6,42
-47,6,42
-46,6,42
-46,6,43
-46,7,42
-46,6,42
-46,6,42
-46,6,42
-46,6,42
-46,6,42
-46,6,42
-46,5,42
-47,6,41
-47,6,42
-47,6,42
-46,6,42
-46,7,42
-46,7,42
-47,6,42
-47,7,42
-46,6,42
-46,6,42
-46,5,42
-46,5,42
-47,5,42
-46,6,42
-46,6,42
-46,6,42
-46,6,42
-46,7,43
-46,7,42
-46,6,42
-46,6,42
-46,6,42
-46,6,43
-46,6,42
-45,6,42
-45,6,43
-45,6,43
-46,6,41
-48,6,41
-48,6,42
-46,7,42
-44,7,43
-44,7,44
-46,6,42
-47,5,40
-48,6,41
-47,7,42
-46,7,42
-46,6,43
-45,6,43
-45,6,42
-47,7,42
-48,7,42
-47,6,41
-44,6,43
-44,6,44
-45,5,44
-46,5,42
-46,6,42
-46,6,42
-45,7,43
-45,7,43
-45,7,43
-46,7,43
-46,7,42
-47,6,42
-46,6,42
-46,7,42
-46,7,42
-46,6,43
-46,6,42
-46,6,43
-45,6,42
-46,6,43
-46,6,43
-46,6,43
-46,6,42
-46,6,42
-46,6,42
-46,6,43
-45,6,42
-46,6,43
-46,6,43
-46,6,42
-46,6,42
-46,6,42
-46,7,42
-46,6,42
-46,6,43
-46,6,42
-46,6,43
-46,6,42
-45,6,43
-45,6,43
-46,6,42
-46,6,42
-46,7,42
-46,6,42
-45,6,43
-45,6,43
-46,6,43
-46,6,42
-46,6,42
-46,6,42
-46,6,42
-46,7,43
-45,6,43
-46,6,43
-46,6,43
-46,6,42
-46,6,43
-46,6,43
-46,6,43
-46,6,43
-46,6,43
-46,6,42
-46,6,43
-46,6,43
-45,6,43
-46,6,43
-46,6,42
-46,6,42
-46,6,42
-46,6,43
-45,6,43
-45,6,43
-46,6,43
-46,6,42
-46,6,42
-46,6,42
-46,6,43
-46,6,43
-45,6,43
-46,6,43
-46,6,42
-46,6,42
-46,6,42
-46,6,43
-46,6,43
-46,6,43
-46,6,42
-46,6,42
-46,6,42
-46,6,43
-46,6,43
-45,6,43
-46,6,42
-46,6,42
-46,6,42
-46,7,43
-45,6,43
-45,6,43
-45,6,43
-46,6,42
-46,6,42
-46,6,43
-46,6,43
-46,6,43
-46,6,43
-46,6,43
-46,6,43
-46,6,42
-46,6,42
-46,6,43
-45,6,43
-46,6,43
-46,6,42
-46,6,42
-46,6,43
-46,6,43
-46,6,43
-45,6,43
-46,6,43
-46,6,42
-46,6,42
-46,7,43
-45,7,43
-45,6,43
-45,6,43
-46,6,42
-46,6,42
-46,6,42
-46,6,43
-46,6,42
-45,6,43
-45,6,43
-46,6,43
-46,7,43
-46,6,43
-46,6,43
-46,6,43
-46,6,43
-46,6,43
-46,6,42
-46,6,43
-46,6,43
-46,6,42
-45,6,43
-46,6,43
-46,6,42
-46,6,43
-46,7,42
-45,6,43
-45,6,43
-45,6,43
-46,6,43
-46,6,42
-46,6,42
-46,6,43
-46,6,43
-45,6,43
-46,6,43
-46,6,43
-45,6,43
-46,6,43
-46,6,43
-46,6,43
-46,6,43
-46,6,43
-46,6,43
-46,6,43
-46,6,43
-45,7,43
-46,6,43
-46,7,43
-46,6,42
-46,6,42
-46,7,43
-45,6,43
-46,6,43
-46,6,43
-46,6,42
-45,6,43
-46,6,43
-45,6,43
-46,6,43
-46,6,43
-46,6,43
-46,7,43
-46,7,43
-46,7,43
-45,7,43
-46,6,43
-46,6,43
-46,6,43
-46,6,43
-46,6,42
-45,6,43
-46,7,43
-46,6,42
-46,6,42
-46,7,42
-45,6,43
-45,6,43
-45,6,42
-46,6,43
-46,6,43
-46,6,42
-46,6,43
-46,6,43
-45,7,43
-45,6,43
-46,6,43
-46,6,42
-46,6,43
-46,6,42
-45,6,43
-45,6,43
-46,6,43
-46,6,42
-46,7,43
-46,6,43
-46,6,43
-45,6,43
-45,6,43
-46,6,43
-46,6,42
-46,7,42
-45,6,43
-45,6,43
-45,6,43
-45,6,43
-46,6,43
-46,6,42
-46,6,43
-45,6,43
-45,7,43
-45,7,43
-45,6,43
-46,6,43
-46,7,43
-45,6,43
-45,6,43
-45,6,43
-45,7,43
-46,6,43
-46,6,43
-45,6,43
-45,7,43
-45,6,43
-45,7,44
-45,7,43
-45,6,43
-45,6,43
-46,6,43
-45,6,43
-45,6,43
-45,6,43
-45,6,43
-46,6,43
-46,6,42
-46,7,43
-46,7,42
-46,6,43
-45,6,43
-45,6,43
-46,6,43
-46,6,43
-46,6,42
-46,6,42
-46,7,43
-45,6,43
-46,6,42
-46,6,42
-47,6,42
-46,7,43
-46,7,43
-45,7,42
-46,7,43
-47,6,42
-47,6,42
-46,6,42
-46,6,43
-45,6,43
-46,6,42
-46,6,42
-46,6,42
-46,6,42
-47,6,42
-46,7,42
-46,7,43
-46,6,43
-46,6,43
-46,6,42
-46,6,42
-46,6,43
-46,7,43
-45,6,43
-45,6,43
-46,6,43
-46,6,43
-46,6,43
-46,7,43
-46,6,43
-45,6,43
-45,6,43
-46,5,42
-46,5,42
-47,6,42
-46,6,42
-46,6,42
-46,7,43
-46,6,43
-47,6,42
-46,6,42
-46,6,42
-46,6,42
-46,6,43
-46,6,42
-46,6,42
-46,6,42
-46,6,42
-46,6,42
-45,6,43
-46,6,43
-46,6,43
-46,6,42
-46,6,42
-47,6,42
-46,6,42
-46,6,43
-46,6,42
-46,6,43
-46,6,42
-46,6,42
-46,6,42
-46,6,43
-46,6,42
-46,6,43
-46,6,43
-46,6,42
-46,6,42
-45,6,43
-45,6,43
-45,6,43
-46,6,43
-46,6,42
-46,6,43
-46,6,43
-45,6,43
-45,6,43
-45,6,42
-46,6,42
-46,6,42
-46,6,42
-46,7,42
-46,6,43
-46,6,43
-46,6,43
-46,6,42
-46,6,42
-47,6,42
-46,6,42
-46,6,42
-46,6,42
-46,6,43
-46,6,42
-46,6,42
-46,6,42
-46,6,42
-46,6,42
-46,6,42
-46,6,42
-46,6,42
-46,6,42
-46,6,42
-46,7,42
-46,6,42
-46,6,42
-46,6,42
-46,6,42
-46,6,43
-46,6,42
-46,6,42
-46,6,43
-46,6,43
-46,6,42
-46,6,42
-46,6,42
-46,6,42
-45,6,43
-45,6,43
-46,6,43
-46,6,42
-46,6,42
-46,6,42
-46,6,42
-46,7,42
-46,7,42
-46,6,42
-46,6,42
-46,6,42
-47,6,42
-46,6,42
-46,6,42
-46,6,42
-46,6,42
-46,6,42
-46,6,42
-46,6,42
-46,6,42
-46,6,42
-46,6,42
-46,6,42
-46,7,42
-45,7,43
-45,6,43
-45,6,43
-46,6,42
-46,6,42
-46,6,42
-46,6,42
-46,6,42
-46,6,43
-46,6,43
-46,6,42
-46,6,42
-46,6,42
-46,6,42
-46,6,42
-46,6,42
-46,6,42
-46,6,42
-46,6,42
-46,7,42
-46,6,42
-46,6,42
-46,6,42
-47,6,42
-47,6,42
-46,6,42
-46,7,42
-46,7,42
-45,6,43
-46,6,42
-46,6,42
-47,6,42
-47,6,42
-46,6,42
-46,6,42
-46,6,42
-46,6,42
-47,6,42
-47,6,42
-46,6,42
-46,6,42
-46,6,42
-46,6,42
-47,6,42
-47,6,42
-47,6,42
-46,7,43
-46,6,42
-45,6,43
-45,6,43
-46,6,42
-46,6,42
-46,6,42
-46,6,42
-45,6,43
-46,6,43
-46,6,42
-46,6,42
-47,6,42
-47,6,42
-47,6,42
-46,6,42
-46,6,42
-46,6,42
-47,6,42
-47,6,41
-47,6,42
-47,6,42
-46,6,42
-46,6,42
-46,6,42
-47,6,41
-47,6,41
-47,6,41
-47,6,41
-46,6,42
-46,6,42
-46,6,42
-46,6,42
-47,6,42
-47,6,42
-46,6,42
-46,6,42
-46,6,43
-45,6,43
-45,7,43
-46,6,43
-46,6,43
-46,6,43
-46,6,42
-46,6,42
-47,6,42
-47,6,42
-46,7,42
-46,6,43
-45,7,43
-45,6,43
-46,6,42
-46,6,42
-46,5,42
-46,5,41
-46,5,42
-47,5,41
-47,6,41
-47,6,41
-47,7,42
-47,6,42
-48,6,41
-48,5,41
-48,5,41
-48,4,41
-48,4,40
-47,4,40
-46,5,42
-46,5,42
-47,6,42
-48,7,42
-48,8,41
-47,8,41
-44,8,44
-43,7,44
-44,7,43
-47,6,42
-47,7,42
-47,7,41
-46,7,42
-45,7,42
-45,7,42
-46,8,42
-47,8,42
-47,8,42
-47,7,42
-47,7,42
-46,6,42
-47,6,42
-46,6,42
-46,6,42
-46,6,42
-46,7,42
-46,7,43
-45,7,43
-45,7,43
-45,6,43
-45,6,43
-46,6,43
-46,6,42
-46,7,42
-46,7,43
-46,8,43
-45,7,43
-46,7,43
-46,7,42
-46,7,42
-46,7,43
-46,6,42
-46,7,42
-46,7,43
-46,7,43
-45,7,43
-45,7,43
-45,6,43
-45,6,43
-46,7,42
-46,7,42
-46,7,43
-45,7,43
-45,7,43
-45,7,43
-45,7,42
-46,7,42
-46,6,42
-46,6,42
-46,6,42
-46,5,42
-46,5,42
-47,6,42
-47,6,41
-48,6,41
-47,6,42
-47,6,42
-46,7,42
-46,8,43
-46,8,43
-45,7,43
-45,6,43
-45,6,43
-45,5,43
-46,5,42
-46,6,42
-46,6,42
-46,6,43
-46,7,43
-45,7,43
-46,6,42
-47,6,41
-48,6,41
-48,6,41
-48,6,41
-47,6,41
-47,7,42
-47,6,42
-47,6,41
-48,6,41
-47,6,41
-47,6,41
-46,6,42
-46,6,42
-46,6,42
-46,6,42
-46,6,42
-46,6,42
-46,6,42
-46,6,42
-47,6,42
-47,7,42
-47,7,42
-46,7,42
-46,6,42
-46,6,42
-46,6,42
-46,6,42
-46,6,42
-46,6,42
-46,6,42
-46,7,42
-46,6,42
-46,6,42
-46,6,42
-46,6,42
-46,6,42
-46,6,42
-46,6,42
-46,6,42
-46,6,42
-46,6,42
-47,6,42
-46,7,42
-46,7,42
-46,6,42
-46,6,42
-46,6,43
-46,6,42
-46,6,42
-46,6,42
-46,6,42
-46,6,42
-46,7,42
-46,7,43
-46,7,43
-46,7,43
-46,7,43
-46,6,42
-46,6,42
-46,6,42
-46,6,42
-46,6,42
-46,6,42
-46,6,42
-45,7,43
-45,6,43
-45,6,43
-47,5,42
-47,5,42
-48,6,41
-47,6,41
-46,7,43
-46,7,43
-46,7,42
-46,6,42
-46,5,42
-47,5,41
-47,5,41
-47,6,41
-47,7,42
-46,7,42
-46,7,43
-46,6,42
-46,6,42
-46,6,41
-47,5,41
-47,5,41
-47,5,41
-47,6,42
-46,7,42
-46,7,42
-46,7,43
-46,6,42
-46,6,42
-48,5,41
-48,6,41
-47,6,42
-46,6,42
-46,6,42
-46,6,43
-46,6,42
-47,6,42
-47,6,42
-46,6,42
-46,6,42
-46,6,42
-46,6,42
-46,6,42
-46,6,42
-47,6,42
-46,6,42
-46,6,42
-46,6,42
-47,7,42
-47,6,41
-47,6,42
-46,6,42
-46,6,42
-45,6,43
-45,6,43
-45,6,42
-46,7,42
-46,7,42
-45,7,43
-45,7,43
-45,6,43
-45,7,43
-45,6,43
-46,7,43
-46,6,42
-46,6,42
-46,7,42
-46,7,42
-46,7,42
-46,6,42
-46,7,42
-46,6,42
-47,6,42
-46,6,42
-46,6,42
-46,6,42
-46,6,43
-46,6,42
-46,6,42
-46,7,42
-46,7,42
-45,6,43
-46,6,42
-46,7,43
-46,7,42
-46,7,43
-46,7,43
-45,7,43
-46,7,43
-46,7,43
-46,7,42
-46,6,43
-46,6,43
-46,7,42
-46,7,43
-46,7,42
-46,7,42
-46,7,42
-46,7,43
-46,7,42
-46,7,42
-46,7,43
-46,7,43
-46,7,42
-46,7,42
-46,7,43
-46,7,43
-46,7,43
-46,7,43
-46,7,42
-46,7,43
-46,7,43
-45,7,43
-45,7,43
-46,6,43
-46,7,43
-46,6,42
-46,6,42
-46,7,43
-46,7,43
-46,7,42
-46,7,43
-46,7,43
-46,6,42
-46,7,42
-46,7,43
-46,7,43
-46,6,42
-46,6,42
-46,6,42
-46,6,42
-46,7,42
-46,6,43
-46,6,42
-47,6,42
-48,6,42
-46,6,41
-45,7,42
-45,6,43
-46,6,43
-46,6,42
-46,7,42
-46,7,43
-46,6,42
-46,6,42
-46,7,43
-46,7,43
-45,7,42
-45,7,43
-45,7,43
-46,7,42
-46,6,42
-46,7,43
-45,7,43
-45,6,43
-45,6,43
-46,6,43
-46,6,42
-45,6,43
-45,7,43
-46,7,43
-45,6,43
-45,6,42
-46,7,42
-47,7,41
-48,6,41
-48,7,42
-46,7,43
-45,7,43
-45,7,44
-45,6,43
-45,5,43
-46,5,42
-47,5,42
-47,6,42
-46,6,43
-45,7,44
-44,7,44
-44,7,44
-46,7,42
-47,6,42
-47,6,41
-47,6,41
-46,6,42
-45,6,43
-45,7,43
-46,6,43
-46,6,42
-46,6,42
-46,6,42
-46,6,42
-46,6,42
-45,7,43
-45,7,43
-45,7,43
-46,6,43
-46,6,42
-46,6,42
-46,6,42
-46,7,43
-45,7,43
-45,6,44
-45,6,44
-45,6,43
-45,7,43
-47,7,43
-46,6,43
-45,6,43
-44,6,44
-44,6,43
-47,6,41
-48,6,41
-49,6,41
-48,6,41
-45,6,43
-44,6,44
-44,6,44
-45,6,43
-45,5,43
-46,6,42
-46,6,42
-46,7,42
-46,8,43
-43,8,45
-43,8,45
-45,6,43
-48,6,41
-48,6,41
-47,6,41
-47,6,42
-46,7,43
-45,7,43
-45,7,44
-45,7,43
-46,6,42
-47,6,42
-47,6,42
-46,6,42
-46,7,43
-45,7,43
-44,7,44
-45,6,43
-45,6,43
-46,6,42
-47,6,42
-47,6,42
-47,6,42
-46,7,42
-47,7,42
-47,7,42
-47,7,42
-47,7,42
-47,6,41
-47,6,42
-47,6,41
-46,6,42
-46,6,42
-46,6,42
-46,6,42
-46,6,42
-46,6,42
-46,6,42
-46,6,42
-46,6,42
-46,6,42
-46,6,42
-46,6,42
-46,6,42
-46,6,42
-46,6,42
-46,6,42
-46,6,42
-46,6,42
-46,6,42
-46,6,42
-46,6,42
-46,6,42
-47,6,42
-47,6,42
-47,6,42
-46,7,42
-46,7,42
-46,6,42
-47,6,42
-46,6,42
-46,6,42
-46,6,42
-46,6,42
-46,6,42
-47,7,42
-47,7,42
-46,6,42
-46,6,42
-46,6,42
-47,6,42
-46,6,42
-46,6,42
-46,6,42
-46,6,42
-46,6,42
-46,6,42
-46,6,42
-47,6,42
-46,6,42
-47,6,42
-47,6,42
-46,6,42
-46,6,42
-46,6,42
-47,6,42
-46,6,42
-46,6,42
-46,6,42
-46,6,42
-46,6,42
-47,6,42
-47,6,41
-47,7,42
-46,6,42
-46,6,42
-46,6,42
-46,6,42
-46,6,42
-47,6,42
-46,6,42
-46,6,42
-46,7,42
-46,6,42
-46,6,42
-47,6,42
-46,7,42
-46,7,42
-46,6,42
-46,6,42
-47,6,42
-47,6,42
-47,6,42
-46,6,42
-46,6,42
-46,6,42
-46,6,42
-46,7,42
-46,6,42
-46,7,42
-46,7,42
-46,7,42
-46,6,42
-46,6,42
-46,6,42
-46,6,42
-46,6,42
-46,7,42
-46,7,42
-46,7,42
-46,6,42
-46,6,42
-46,7,42
-46,7,42
-46,7,42
-46,7,42
-46,7,42
-46,6,42
-46,6,42
-46,6,42
-46,6,42
-46,7,42
-46,7,42
-46,6,42
-46,6,42
-46,7,42
-47,6,42
-47,7,42
-47,7,42
-46,7,42
-46,6,42
-46,6,42
-46,6,42
-46,6,42
-46,7,42
-46,7,42
-46,7,42
-46,7,42
-46,7,42
-46,7,42
-46,7,42
-46,6,42
-46,6,42
-46,7,42
-46,6,42
-46,7,42
-46,6,42
-46,6,42
-46,7,42
-46,7,42
-46,7,42
-46,7,42
-46,7,42
-46,6,42
-46,7,42
-46,6,42
-46,7,42
-46,7,42
-46,7,42
-46,6,42
-46,6,42
-46,6,42
-46,7,42
-46,7,42
-46,7,42
-46,7,42
-46,7,42
-46,7,42
-46,7,42
-46,6,42
-46,7,42
-46,6,42
-46,6,42
-46,6,42
-46,6,42
-46,6,42
-46,6,42
-47,7,42
-47,6,42
-46,6,42
-46,6,42
-46,6,42
-47,6,41
-47,6,41
-47,6,41
-46,6,42
-46,6,42
-46,6,42
-46,6,42
-46,6,42
-47,6,42
-47,6,42
-46,7,42
-46,7,42
-46,6,42
-46,6,42
-46,6,42
-46,6,42
-46,6,42
-46,7,42
-46,6,42
-46,6,42
-46,6,42
-47,6,42
-47,7,41
-47,7,42
-46,7,43
-45,6,43
-46,6,42
-47,6,42
-48,6,41
-48,6,41
-47,6,41
-46,6,42
-46,7,42
-46,6,42
-46,6,42
-47,6,42
-47,6,41
-47,6,41
-47,6,41
-46,6,42
-46,6,42
-47,6,42
-47,6,41
-47,6,42
-47,6,41
-46,6,42
-46,6,42
-46,6,42
-46,6,42
-47,6,42
-46,6,42
-46,6,42
-46,6,42
-46,6,42
-46,6,42
-46,6,42
-46,6,42
-47,6,41
-47,6,42
-46,6,42
-46,6,42
-46,6,42
-46,6,42
-46,7,42
-48,6,41
-46,5,40
-46,6,41
-47,7,44
-45,6,44
-48,6,39
-47,5,40
-48,6,41
-48,7,40
-46,7,42
-45,7,44
-46,8,42
-49,8,40
-49,7,40
-48,6,41
-44,6,45
-44,6,43
-45,7,42
-47,6,41
-47,6,42
-45,5,42
-45,5,43
-45,5,42
-47,6,41
-48,7,41
-47,7,42
-47,7,42
-47,7,41
-47,6,41
-48,5,42
-48,6,41
-47,7,41
-46,7,42
-45,8,44
-44,5,42
-46,5,41
-48,6,41
-48,6,41
-46,7,42
-45,7,44
-43,6,44
-43,6,44
-45,5,42
-47,6,41
-48,6,41
-47,6,42
-46,6,42
-45,7,44
-45,7,43
-46,6,42
-46,6,42
-46,6,42
-46,6,43
-47,6,43
-46,7,41
-46,8,42
-45,8,44
-44,7,44
-44,5,42
-46,4,41
-47,3,41
-44,4,43
-45,7,42
-51,11,40
-51,11,41
-49,9,40
-48,8,40
-46,6,41
-46,6,41
-46,5,43
-46,5,42
-48,6,40
-48,8,41
-47,9,42
-44,7,43
-45,6,42
-49,5,41
-49,5,40
-47,6,40
-47,6,41
-45,6,44
-44,6,42
-47,6,41
-48,6,41
-48,6,41
-45,7,42
-45,7,44
-43,7,44
-44,6,43
-48,6,41
-49,6,41
-48,5,41
-46,6,42
-45,6,42
-46,7,42
-47,7,41
-47,7,41
-46,6,42
-46,6,42
-46,6,42
-46,6,42
-47,6,42
-47,6,42
-46,6,42
-46,6,42
-46,6,42
-47,6,42
-46,6,42
-46,6,42
-46,6,42
-47,7,42
-47,6,42
-47,6,42
-46,6,42
-46,6,42
-46,6,42
-46,6,42
-47,6,42
-47,6,42
-47,6,42
-46,6,42
-46,6,43
-46,6,42
-46,6,42
-47,6,42
-47,6,42
-46,6,42
-46,6,42
-46,6,43
-46,6,43
-46,6,42
-47,7,42
-46,6,42
-46,6,43
-46,6,42
-46,6,42
-46,6,43
-46,6,42
-46,6,42
-47,7,42
-47,7,42
-46,7,42
-45,6,42
-46,6,42
-46,6,42
-46,6,42
-47,6,43
-46,6,42
-44,6,42
-45,7,43
-46,6,44
-46,5,43
-47,5,41
-47,6,41
-47,7,41
-48,7,42
-47,6,41
-47,6,42
-47,7,42
-47,7,41
-47,7,41
-46,6,42
-46,6,42
-45,6,42
-45,6,42
-46,5,42
-46,5,42
-47,5,43
-46,6,42
-46,7,42
-45,7,43
-45,7,44
-45,6,42
-47,6,42
-48,6,42
-47,7,40
-47,7,41
-45,7,43
-45,6,43
-47,6,41
-48,6,41
-47,7,42
-44,7,42
-44,7,42
-46,5,43
-50,5,40
-54,7,36
-54,8,38
-45,8,43
-41,9,46
-40,11,43
-44,9,40
-51,6,37
-51,5,39
-50,7,41
-48,12,44
-46,12,42
-43,10,40
-45,9,43
-49,7,40
-50,7,37
-53,8,38
-49,10,40
-48,11,40
-46,10,37
-47,7,37
-46,5,41
-48,6,40
-51,7,37
-51,8,38
-51,13,43
-47,13,41
-45,12,40
-43,7,40
-44,5,42
-47,4,42
-47,5,41
-49,9,40
-50,11,40
-47,12,41
-48,11,40
-48,10,40
-49,7,38
-50,7,39
-49,7,40
-47,9,41
-47,7,39
-46,7,41
-47,8,42
-47,7,39
-48,7,38
-50,8,40
-49,8,40
-45,9,41
-47,9,41
-47,9,44
-47,8,42
-48,8,39
-47,7,39
-48,6,40
-48,7,41
-48,7,40
-49,9,40
-49,9,42
-49,10,41
-45,9,40
-44,6,41
-44,5,42
-45,3,42
-49,4,39
-50,5,38
-50,7,40
-48,7,41
-45,7,42
-45,6,42
-47,6,42
-48,6,41
-49,6,39
-48,6,40
-48,6,41
-46,6,41
-46,7,42
-46,7,41
-47,7,41
-48,7,41
-48,6,40
-48,6,40
-47,7,41
-47,7,41
-47,7,41
-47,7,41
-48,7,41
-48,6,40
-48,6,41
-48,6,40
-47,6,41
-47,7,41
-47,6,41
-47,7,41
-47,6,41
-47,6,41
-47,6,41
-47,7,41
-47,6,41
-47,7,41
-47,7,41
-47,7,41
-47,7,41
-47,7,41
-47,6,41
-47,7,41
-47,7,41
-47,7,41
-47,6,41
-47,7,41
-48,7,41
-47,7,41
-47,7,41
-47,6,41
-47,6,41
-47,6,41
-47,6,41
-48,6,41
-48,7,41
-47,7,41
-47,7,41
-47,7,41
-47,6,41
-47,7,41
-48,6,41
-47,7,41
-47,7,41
-47,7,41
-47,7,41
-47,6,41
-48,6,41
-47,7,41
-47,6,41
-47,7,41
-47,6,41
-47,6,41
-47,7,41
-47,6,41
-47,7,41
-47,7,41
-47,7,41
-47,7,41
-48,7,41
-47,6,41
-47,6,41
-47,6,41
-47,7,41
-47,6,41
-47,7,41
-47,6,41
-47,6,41
-48,7,41
-48,6,41
-47,7,41
-47,7,41
-47,7,41
-47,6,41
-47,6,41
-47,6,41
-47,6,41
-47,6,41
-47,7,41
-47,7,41
-47,7,41
-47,7,41
-47,7,41
-47,6,41
-47,6,41
-47,6,41
-47,7,41
-47,6,41
-47,6,41
-47,6,41
-47,6,41
-47,6,41
-47,7,41
-47,6,41
-47,7,41
-47,7,41
-47,7,41
-47,7,42
-46,7,42
-46,6,42
-46,6,42
-47,6,41
-48,6,40
-48,6,40
-47,7,41
-46,7,42
-47,7,41
-47,7,41
-48,7,40
-48,7,40
-47,6,41
-47,6,41
-47,7,41
-47,6,41
-47,6,41
-47,6,41
-47,6,41
-47,6,41
-47,6,41
-47,6,41
-47,6,42
-47,6,41
-48,6,41
-48,7,41
-47,6,41
-47,7,41
-47,6,41
-47,6,41
-47,6,41
-47,6,41
-47,6,41
-47,6,41
-47,7,41
-47,6,41
-47,7,42
-47,6,41
-47,6,41
-47,6,41
-47,6,41
-47,6,41
-47,6,41
-47,6,41
-47,6,41
-47,6,41
-47,7,41
-47,7,41
-47,6,41
-47,7,41
-47,6,41
-47,6,42
-47,6,41
-47,6,41
-48,6,41
-47,7,41
-47,7,41
-46,7,42
-46,7,41
-47,6,41
-47,6,41
-47,6,41
-47,6,41
-47,7,41
-47,7,41
-47,7,41
-47,6,41
-47,6,41
-47,6,41
-46,7,42
-46,7,42
-46,7,42
-46,7,42
-47,6,41
-47,6,41
-48,6,40
-48,6,41
-47,6,41
-47,6,41
-47,7,41
-47,6,41
-47,6,41
-48,6,40
-49,6,39
-49,6,40
-48,6,41
-46,7,42
-46,7,42
-46,7,42
-48,6,41
-48,6,41
-48,6,41
-47,6,41
-47,6,41
-47,6,41
-47,6,41
-47,6,41
-48,6,41
-48,6,41
-48,6,41
-47,6,41
-47,6,41
-48,6,41
-47,6,41
-47,6,41
-47,6,41
-46,6,41
-47,6,41
-47,6,41
-48,6,40
-48,6,40
-48,6,41
-47,7,41
-47,6,41
-47,7,41
-48,6,41
-48,6,41
-48,6,40
-47,6,41
-47,7,41
-47,7,41
-47,7,41
-47,7,41
-47,7,41
-47,7,40
-47,6,41
-47,6,41
-48,6,41
-48,6,41
-47,7,41
-46,7,41
-47,7,42
-47,7,41
-47,7,41
-47,7,41
-47,6,40
-47,7,41
-48,7,41
-48,7,41
-47,7,41
-47,7,41
-47,7,41
-48,7,40
-49,6,40
-49,6,40
-48,6,40
-48,6,41
-47,7,41
-47,7,41
-47,7,41
-48,7,41
-47,7,41
-47,7,40
-46,6,41
-48,6,41
-48,6,40
-49,6,40
-49,7,40
-47,7,41
-47,7,41
-47,7,41
-47,7,41
-48,7,41
-48,7,41
-48,7,41
-47,6,41
-47,6,42
-46,6,41
-46,7,41
-47,8,42
-47,7,41
-47,6,41
-46,6,42
-47,6,42
-47,6,41
-46,6,41
-46,6,42
-46,6,42
-48,7,41
-48,7,40
-48,6,40
-47,6,41
-47,6,41
-47,6,41
-47,6,41
-47,6,41
-47,6,41
-47,6,42
-47,6,41
-47,6,41
-47,6,41
-48,6,41
-47,6,41
-47,6,41
-46,6,42
-46,6,41
-47,6,41
-47,6,41
-47,6,41
-46,6,42
-46,6,42
-47,6,42
-47,6,41
-47,6,41
-48,6,41
-47,6,41
-47,7,41
-47,7,41
-47,6,41
-47,6,41
-47,7,41
-47,7,41
-47,6,41
-47,6,41
-47,6,41
-47,6,41
-47,6,41
-47,6,41
-47,6,41
-47,6,41
-47,7,41
-47,7,41
-47,6,41
-47,6,41
-47,7,41
-47,6,41
-47,6,41
-47,6,41
-47,6,42
-47,6,42
-47,7,41
-47,6,41
-47,7,42
-46,6,42
-46,6,41
-47,6,42
-47,6,41
-47,6,41
-47,6,41
-47,6,41
-47,6,41
-47,6,41
-47,6,41
-47,6,41
-47,6,41
-47,6,41
-47,6,41
-47,6,41
-47,6,41
-47,6,42
-47,6,41
-47,6,41
-47,6,41
-47,6,41
-47,6,41
-46,6,42
-47,6,41
-47,6,41
-47,6,42
-47,6,41
-47,6,41
-47,6,41
-47,6,42
-47,6,42
-47,6,41
-47,6,41
-47,7,41
-47,6,41
-46,6,42
-46,6,42
-47,6,42
-47,6,41
-47,6,41
-47,6,41
-46,6,41
-47,6,41
-47,6,41
-47,6,41
-47,6,41
-46,7,42
-47,6,41
-47,6,41
-47,6,41
-47,7,41
-47,6,41
-47,6,41
-46,6,42
-46,6,42
-46,6,42
-47,6,41
-47,6,41
-47,6,41
-47,6,41
-46,7,41
-47,7,41
-47,7,41
-47,7,41
-47,7,41
-47,7,41
-46,7,42
-46,6,42
-46,6,42
-46,6,42
-47,5,41
-47,6,41
-47,6,41
-47,6,42
-46,7,42
-47,7,41
-47,7,41
-47,7,41
-47,7,41
-47,7,41
-47,7,41
-47,7,42
-46,6,42
-47,6,42
-47,6,42
-47,6,42
-46,6,42
-46,6,42
-47,6,42
-47,6,42
-47,6,41
-47,6,41
-47,6,42
-47,6,41
-47,6,41
-47,7,41
-47,7,42
-47,6,41
-47,6,41
-47,6,41
-47,6,41
-47,6,41
-46,6,42
-46,6,42
-47,6,41
-47,6,41
-47,6,42
-46,6,41
-47,6,41
-47,6,41
-47,7,41
-47,7,42
-47,7,41
-47,6,41
-47,6,41
-47,6,42
-47,6,41
-47,6,42
-47,6,41
-47,7,41
-46,7,42
-47,6,42
-47,6,42
-47,6,42
-47,7,42
-47,7,42
-46,6,42
-46,6,42
-47,7,42
-47,7,42
-47,6,42
-47,7,42
-47,7,42
-46,7,42
-47,6,42
-47,6,41
-46,6,42
-47,7,41
-47,7,41
-47,7,41
-46,7,42
-46,7,42
-47,6,41
-47,6,41
-46,6,42
-46,7,42
-47,6,42
-47,7,42
-47,7,42
-47,7,41
-47,7,42
-46,6,42
-47,7,41
-47,7,42
-47,7,41
-47,6,41
-47,6,41
-47,7,42
-47,6,42
-47,6,42
-46,6,42
-47,7,42
-46,7,42
-47,6,41
-46,6,42
-46,7,42
-47,6,41
-47,7,42
-47,7,41
-46,7,41
-46,7,42
-47,7,41
-47,6,42
-47,6,42
-46,6,42
-47,6,42
-47,6,42
-47,6,42
-46,7,42
-46,6,42
-47,6,42
-47,6,42
-47,6,42
-46,7,42
-46,6,42
-47,7,42
-47,6,41
-47,7,42
-47,6,41
-46,7,41
-47,7,42
-47,7,42
-47,7,42
-46,6,41
-46,7,42
-47,6,42
-47,7,41
-47,7,41
-46,7,42
-46,7,42
-46,6,42
-47,6,42
-47,6,42
-46,6,41
-47,7,41
-47,7,42
-46,7,42
-46,7,42
-46,7,42
-47,6,41
-47,6,41
-47,6,42
-46,7,42
-46,7,42
-47,6,42
-46,7,42
-47,6,42
-46,6,42
-47,7,42
-46,7,42
-46,6,42
-47,7,42
-47,7,41
-47,6,42
-46,6,42
-46,6,42
-47,6,41
-47,7,41
-46,7,42
-46,7,42
-46,6,42
-47,6,41
-47,6,42
-46,7,42
-47,6,42
-47,7,42
-46,7,42
-46,7,42
-46,6,42
-47,6,41
-47,6,42
-47,6,42
-46,7,42
-46,6,42
-46,7,42
-46,6,42
-47,6,41
-46,6,42
-46,6,42
-46,7,42
-46,7,42
-46,7,42
-47,6,42
-46,7,42
-46,6,42
-46,6,42
-47,6,42
-47,7,42
-47,7,42
-46,7,42
-46,7,42
-46,6,42
-47,6,42
-46,6,42
-46,6,42
-46,7,42
-47,7,42
-47,7,42
-46,7,42
-46,7,42
-47,6,42
-47,7,42
-47,7,42
-47,7,42
-46,7,42
-47,7,42
-46,7,42
-47,7,42
-47,6,42
-46,7,42
-46,7,42
-46,7,42
-46,7,42
-46,7,42
-46,6,42
-46,7,42
-46,7,42
-46,7,42
-46,7,42
-46,7,42
-46,7,42
-46,7,42
-47,6,42
-46,6,42
-46,7,42
-47,7,42
-47,7,42
-46,7,42
-46,7,42
-47,6,42
-47,7,42
-47,7,41
-46,7,42
-46,7,42
-45,7,42
-46,7,42
-46,6,42
-46,6,42
-46,6,42
-47,6,42
-46,7,42
-46,7,42
-46,7,42
-46,7,42
-47,7,42
-46,7,41
-47,7,41
-47,6,41
-47,6,41
-47,6,41
-47,6,41
-47,6,41
-47,6,41
-48,6,41
-47,6,41
-47,6,41
-47,6,41
-47,6,41
-47,6,41
-47,6,41
-47,6,41
-47,6,41
-47,6,41
-47,6,41
-47,6,41
-47,6,41
-47,6,41
-47,6,41
-47,6,41
-47,6,41
-47,6,41
-47,6,41
-46,7,42
-46,7,42
-47,6,42
-46,6,42
-46,6,42
-46,6,42
-47,6,41
-47,6,41
-47,6,42
-47,6,41
-47,6,41
-47,6,41
-47,7,41
-47,7,42
-47,7,41
-47,6,42
-47,6,41
-46,6,42
-46,6,42
-46,7,42
-47,6,42
-47,6,42
-46,7,42
-46,7,42
-46,7,42
-46,6,42
-46,7,42
-47,7,42
-46,7,42
-46,6,42
-46,6,42
-47,6,42
-47,6,42
-47,7,42
-46,7,42
-47,7,42
-47,7,42
-47,7,42
-46,7,42
-46,7,42
-47,6,41
-46,6,42
-46,6,42
-46,6,42
-47,7,42
-46,6,42
-46,7,42
-46,6,42
-47,6,42
-47,7,42
-46,7,42
-47,6,42
-47,7,42
-46,6,41
-46,6,42
-46,6,42
-46,6,42
-47,6,42
-47,7,41
-47,7,42
-47,7,41
-46,7,42
-46,7,42
-47,7,42
-47,6,41
-47,7,42
-46,7,42
-46,6,42
-46,6,42
-46,6,42
-46,6,42
-46,6,42
-47,6,41
-47,6,41
-47,7,42
-46,7,42
-46,7,42
-47,6,42
-47,7,42
-47,7,42
-46,6,42
-47,6,42
-46,6,42
-47,7,42
-46,6,42
-46,6,42
-46,6,42
-46,7,42
-46,6,41
-46,6,42
-46,6,42
-46,6,42
-47,6,42
-47,7,42
-47,7,41
-46,7,42
-47,6,42
-47,6,42
-46,6,42
-46,6,42
-47,6,42
-47,6,42
-47,6,42
-46,6,42
-46,6,42
-47,6,42
-47,6,41
-47,7,42
-47,7,42
-46,6,42
-47,6,42
-47,6,41
-47,6,42
-47,6,41
-47,6,42
-47,6,42
-47,7,42
-46,7,42
-46,6,42
-46,6,42
-47,6,41
-47,7,41
-47,7,42
-47,7,42
-46,7,42
-46,6,42
-46,6,42
-46,6,42
-46,6,42
-47,6,42
-47,7,41
-47,7,42
-46,6,42
-47,7,42
-47,7,41
-47,6,41
-47,6,42
-46,7,41
-47,6,41
-47,6,41
-47,6,42
-47,6,41
-47,6,41
-47,6,42
-46,6,42
-47,7,42
-46,7,42
-46,7,42
-47,7,41
-47,6,42
-46,7,42
-46,7,42
-46,6,42
-46,7,42
-46,6,42
-46,6,42
-46,7,42
-47,7,42
-46,7,42
-46,7,42
-46,7,42
-47,6,42
-47,7,42
-47,6,42
-46,7,42
-46,7,42
-47,6,42
-47,6,42
-47,7,42
-46,7,42
-46,6,42
-46,7,42
-46,7,42
-46,6,42
-46,6,42
-47,6,42
-47,7,42
-47,7,42
-46,7,42
-46,6,42
-46,7,42
-46,7,42
-46,6,42
-47,6,42
-47,6,42
-47,7,42
-46,7,42
-46,7,42
-47,6,42
-47,6,42
-47,6,42
-46,7,42
-46,7,42
-46,6,42
-46,6,42
-46,6,42
-46,6,42
-47,7,42
-46,7,42
-46,6,42
-46,7,42
-46,6,42
-46,7,42
-47,7,41
-46,7,42
-46,7,42
-46,6,42
-46,6,42
-46,6,42
-46,6,42
-46,6,42
-46,6,42
-47,7,42
-46,7,42
-46,7,42
-46,6,42
-46,6,42
-47,6,42
-47,7,41
-46,7,42
-46,6,42
-46,6,42
-46,6,42
-47,6,42
-46,7,42
-46,6,42
-46,7,42
-47,6,42
-46,6,42
-46,7,42
-47,7,42
-47,7,42
-46,7,42
-46,7,42
-46,7,42
-46,6,42
-46,6,42
-46,6,42
-46,6,42
-47,6,42
-47,7,42
-46,7,42
-46,6,42
-46,6,42
-46,7,42
-46,6,42
-46,6,42
-46,7,42
-46,7,42
-46,6,42
-46,6,42
-46,6,42
-47,6,42
-46,7,42
-46,7,42
-46,7,42
-46,6,42
-46,6,42
-46,7,42
-47,6,42
-46,7,42
-47,7,42
-46,7,42
-46,7,42
-46,6,42
-46,6,42
-46,6,42
-46,7,42
-47,7,42
-46,7,42
-46,7,42
-46,6,42
-46,7,42
-46,6,42
-47,7,42
-46,7,42
-46,7,42
-46,7,42
-46,7,42
-46,6,42
-46,7,42
-46,6,42
-46,6,42
-46,7,42
-46,7,42
-46,7,42
-46,7,42
-46,7,42
-46,7,42
-46,7,42
-46,7,42
-46,7,42
-46,6,42
-46,7,42
-46,7,42
-46,7,42
-46,7,42
-46,7,42
-46,7,42
-46,7,42
-46,7,42
-46,7,42
-46,7,42
-46,7,42
-46,7,42
-46,7,42
-46,7,42
-46,7,42
-46,7,42
-46,6,42
-46,6,42
-46,7,42
-46,7,42
-46,7,43
-46,7,42
-46,7,42
-46,7,42
-46,7,42
-46,7,42
-46,6,42
-46,6,42
-46,6,42
-46,7,42
-46,7,42
-46,6,42
-46,6,42
-46,7,42
-46,6,42
-46,6,42
-46,7,42
-46,7,42
-46,7,42
-46,7,42
-46,7,42
-46,7,42
-46,6,42
-46,6,42
-46,7,42
-46,7,42
-46,7,42
-46,7,42
-46,6,42
-46,7,42
-46,7,42
-47,7,42
-46,7,42
-46,7,42
-46,7,42
-46,7,42
-46,6,42
-46,6,42
-46,6,42
-47,6,42
-46,7,42
-46,7,42
-46,7,42
-46,7,42
-46,7,42
-46,7,42
-46,7,42
-46,7,42
-46,7,42
-46,6,42
-46,7,42
-46,7,42
-46,6,42
-46,7,42
-46,6,42
-46,7,42
-46,7,42
-46,6,42
-46,6,42
-46,6,42
-46,6,42
-46,7,42
-46,7,42
-46,7,42
-46,7,42
-46,6,42
-46,7,42
-46,6,42
-47,7,42
-47,7,42
-46,7,42
-46,7,42
-46,6,42
-46,6,42
-46,7,42
-46,7,42
-46,7,42
-46,6,42
-46,7,42
-46,6,42
-47,6,42
-46,7,42
-46,6,42
-46,7,42
-46,7,42
-46,7,42
-46,7,42
-46,6,42
-46,6,42
-46,7,42
-46,7,42
-46,7,42
-46,7,42
-46,6,42
-47,6,42
-46,6,42
-46,7,42
-46,7,42
-46,7,42
-46,7,42
-46,7,42
-46,7,42
-46,6,42
-46,7,42
-47,7,42
-46,7,42
-46,7,42
-46,7,42
-46,7,42
-46,7,42
-46,7,42
-46,7,42
-46,7,42
-46,7,42
-46,7,42
-46,6,42
-46,7,42
-46,7,42
-47,7,42
-46,7,42
-46,7,42
-46,7,42
-46,7,42
-46,6,42
-46,6,42
-46,6,42
-46,7,42
-47,7,42
-47,7,42
-46,7,42
-46,7,42
-46,7,43
-46,7,42
-46,7,42
-46,7,43
-46,6,43
-45,6,43
-46,6,43
-46,6,43
-46,7,42
-46,7,42
-45,7,43
-45,7,43
-46,7,42
-46,7,42
-46,7,43
-46,7,42
-46,7,42
-46,7,43
-46,7,43
-45,6,43
-46,7,43
-46,6,42
-46,7,42
-46,6,43
-46,6,42
-46,6,42
-46,6,42
-46,6,42
-46,7,42
-46,7,42
-46,7,42
-46,7,42
-46,7,42
-46,7,42
-46,7,42
-46,6,42
-46,6,42
-46,7,42
-46,7,42
-46,7,42
-46,6,43
-45,7,43
-46,6,42
-46,7,42
-46,7,42
-46,7,42
-46,7,42
-46,7,43
-46,6,43
-46,6,43
-46,6,42
-46,7,42
-46,7,42
-46,7,42
-46,7,43
-46,7,43
-46,6,42
-46,7,42
-46,6,42
-46,6,42
-46,7,42
-46,7,42
-46,7,43
-46,7,43
-46,7,43
-46,7,43
-46,7,42
-46,7,42
-46,7,43
-46,7,42
-46,7,42
-46,7,43
-46,7,42
-46,7,42
-46,7,42
-46,7,42
-46,7,43
-46,6,42
-46,7,42
-46,6,42
-46,7,42
-46,7,42
-46,7,43
-46,7,42
-46,7,42
-46,7,42
-46,7,42
-46,7,42
-46,7,42
-46,6,42
-46,7,42
-46,6,43
-46,6,42
-46,7,42
-46,7,42
-46,7,42
-46,7,42
-46,7,43
-45,7,43
-45,7,42
-46,6,42
-46,6,42
-46,6,42
-46,6,42
-46,6,43
-46,7,43
-46,7,43
-46,6,43
-46,6,42
-46,7,42
-46,7,42
-46,7,42
-46,7,42
-46,7,42
-46,7,43
-45,7,43
-46,6,42
-46,6,42
-46,6,42
-46,6,42
-46,6,43
-46,7,43
-46,7,42
-46,7,42
-46,7,43
-45,6,43
-46,6,43
-47,6,41
-47,6,41
-47,6,41
-47,6,42
-46,6,41
-47,7,42
-47,8,41
-47,7,42
-47,7,42
-46,7,42
-46,7,42
-46,6,42
-46,6,42
-47,6,42
-47,6,42
-47,6,42
-47,7,42
-46,7,42
-46,7,43
-45,7,43
-45,6,42
-46,6,42
-47,6,42
-47,6,42
-46,6,42
-46,7,42
-45,7,42
-47,7,42
-46,7,42
-47,6,42
-47,6,42
-46,6,42
-46,6,42
-46,6,42
-46,6,43
-47,7,42
-47,6,41
-46,6,41
-46,7,42
-46,7,42
-47,6,42
-47,6,42
-46,6,42
-45,6,43
-45,8,45
-47,7,41
-45,6,40
-48,8,42
-47,7,43
-46,6,41
-47,6,41
-46,6,42
-46,6,42
-46,6,42
-46,7,43
-48,8,43
-43,6,41
-45,6,42
-47,7,43
-46,6,42
-48,7,41
-47,7,41
-46,6,42
-46,7,42
-46,6,42
-46,6,42
-46,6,42
-46,6,42
-46,6,42
-47,7,42
-46,7,42
-46,7,42
-46,6,42
-46,6,42
-47,7,42
-47,7,42
-46,7,42
-46,7,42
-46,6,42
-46,7,42
-46,7,42
-46,6,42
-46,6,42
-46,6,42
-46,6,43
-46,6,42
-46,7,42
-46,7,42
-46,7,43
-46,7,42
-46,6,42
-46,7,42
-46,7,42
-46,7,42
-46,6,42
-46,6,43
-46,7,42
-47,6,42
-46,6,42
-46,6,42
-46,6,42
-46,6,42
-46,6,42
-46,6,42
-47,6,42
-47,7,42
-47,7,42
-46,7,42
-46,7,42
-46,7,42
-46,6,42
-47,6,42
-46,6,42
-46,6,42
-46,6,42
-46,6,42
-46,6,42
-46,6,42
-46,6,42
-46,7,42
-46,7,42
-46,6,42
-47,7,42
-46,7,42
-46,7,42
-46,7,42
-46,7,42
-46,7,42
-46,7,42
-46,7,42
-46,7,43
-46,7,42
-46,6,42
-46,7,42
-46,7,42
-46,6,42
-46,7,42
-46,6,42
-46,6,42
-46,7,42
-46,7,42
-46,7,42
-46,6,42
-46,7,43
-46,6,43
-46,6,42
-46,6,42
-46,6,42
-46,6,42
-46,6,42
-46,7,42
-46,6,42
-46,7,42
-46,6,42
-46,6,42
-46,6,42
-46,6,42
-46,6,42
-46,6,42
-46,6,42
-46,7,42
-46,7,42
-46,6,42
-46,7,42
-46,6,42
-46,6,42
-46,6,42
-46,6,42
-47,6,42
-47,7,41
-47,6,42
-46,6,42
-46,7,42
-46,6,42
-46,6,42
-46,6,42
-47,6,42
-47,7,42
-47,7,42
-46,7,42
-46,7,42
-46,6,42
-47,6,42
-47,6,42
-46,6,42
-46,6,42
-47,6,42
-47,6,42
-46,6,42
-46,7,42
-46,6,42
-46,6,42
-47,6,42
-46,6,42
-46,6,42
-46,6,42
-46,6,42
-46,6,42
-47,6,42
-46,6,42
-46,6,42
-46,6,42
-46,6,42
-46,7,42
-46,7,42
-46,7,42
-46,7,42
-46,7,42
-46,6,42
-46,6,42
-46,6,42
-46,6,42
-46,6,42
-46,6,42
-46,6,42
-46,6,42
-46,7,42
-46,6,42
-46,7,42
-46,6,42
-46,6,42
-46,7,42
-46,7,42
-46,7,42
-46,6,42
-46,6,42
-46,7,42
-46,7,42
-46,7,42
-46,7,42
-46,6,42
-46,6,42
-46,6,42
-46,6,42
-46,6,42
-46,6,42
-46,6,42
-46,7,42
-46,7,43
-47,7,42
-46,7,42
-46,7,42
-45,6,42
-46,6,42
-47,6,41
-47,6,41
-47,6,42
-47,6,42
-46,7,42
-46,7,42
-46,7,42
-47,8,42
-47,7,41
-47,7,42
-46,7,42
-47,7,41
-47,7,42
-47,7,42
-46,7,42
-46,7,42
-46,7,42
-45,6,42
-46,7,42
-46,7,42
-47,7,41
-47,8,41
-46,7,42
-46,7,42
-47,7,42
-47,7,41
-47,7,41
-46,7,41
-46,7,42
-47,7,41
-47,7,41
-47,7,41
-47,7,41
-46,7,42
-46,7,42
-46,7,42
-45,7,42
-46,7,42
-47,7,42
-47,7,42
-46,7,42
-46,8,42
-46,8,42
-47,7,42
-47,8,42
-47,7,41
-47,7,41
-47,7,42
-46,7,42
-46,7,42
-46,7,42
-46,7,42
-46,7,42
-46,7,42
-47,7,42
-47,8,42
-47,7,42
-46,7,42
-46,7,42
-46,7,42
-47,6,41
-48,7,41
-47,7,41
-46,7,42
-46,7,42
-47,7,41
-48,7,41
-48,8,42
-47,8,42
-45,7,42
-45,6,43
-44,6,43
-43,5,42
-45,5,43
-48,6,41
-49,7,40
-48,8,41
-47,8,42
-45,8,43
-46,8,43
-47,7,41
-48,6,41
-48,6,41
-47,6,41
-46,6,41
-46,6,42
-46,6,42
-46,7,42
-46,6,42
-47,6,42
-47,6,42
-47,7,41
-47,7,42
-47,7,42
-46,7,42
-46,7,42
-46,7,42
-46,7,42
-46,7,42
-46,6,42
-46,6,42
-46,7,42
-46,7,42
-46,7,42
-46,7,43
-46,7,42
-46,7,42
-46,7,42
-46,7,42
-46,7,42
-46,7,42
-46,7,42
-46,7,42
-46,7,42
-46,7,42
-46,7,42
-46,7,42
-47,6,42
-47,7,42
-46,7,42
-47,7,42
-46,7,42
-46,6,42
-46,7,42
-46,6,42
-46,6,42
-47,7,42
-46,7,42
-46,7,42
-46,7,42
-46,7,42
-46,7,42
-47,7,42
-47,7,42
-45,7,43
-45,7,43
-46,6,43
-47,6,41
-47,7,41
-46,7,42
-46,7,44
-45,7,42
-46,7,42
-47,7,41
-48,6,41
-47,6,41
-46,6,42
-46,6,42
-46,6,42
-47,6,41
-47,6,42
-47,6,42
-46,6,42
-45,7,42
-45,6,43
-46,6,42
-47,6,42
-47,6,41
-47,6,41
-46,7,42
-46,7,42
-46,7,42
-46,7,42
-47,6,42
-47,6,41
-47,6,41
-46,7,42
-46,7,42
-46,7,42
-46,7,43
-46,7,42
-46,6,42
-46,6,42
-45,5,42
-45,6,43
-47,6,42
-48,6,41
-49,6,40
-49,6,40
-47,7,42
-45,7,43
-45,7,43
-47,7,41
-47,6,41
-47,6,42
-46,6,42
-45,6,42
-45,6,42
-46,6,42
-46,6,43
-46,7,43
-46,7,42
-46,7,42
-46,7,42
-46,7,43
-46,7,42
-46,7,42
-45,7,42
-46,7,42
-46,7,42
-46,7,42
-46,6,42
-46,7,42
-46,7,42
-46,7,43
-46,7,43
-46,7,43
-46,7,42
-45,7,43
-45,7,43
-45,7,43
-45,6,43
-46,6,42
-46,6,42
-46,6,42
-46,7,42
-46,7,42
-46,8,43
-46,8,43
-46,8,43
-46,8,43
-45,8,42
-45,8,43
-45,7,42
-46,6,42
-46,5,42
-47,5,42
-46,5,42
-46,7,43
-46,7,43
-45,8,43
-46,7,43
-46,7,43
-46,7,42
-46,7,42
-45,7,43
-45,7,43
-46,7,42
-47,7,41
-47,7,41
-48,8,42
-48,8,42
-46,8,41
-46,7,42
-45,6,43
-47,5,42
-48,5,40
-48,6,40
-47,7,41
-46,7,43
-45,7,43
-46,7,43
-46,7,42
-46,6,42
-46,6,42
-46,6,41
-45,6,41
-46,7,45
-44,6,42
-45,6,42
-46,6,42
-47,6,43
-46,6,43
-45,7,43
-45,7,42
-46,7,43
-47,6,43
-45,5,42
-45,5,42
-45,6,43
-46,6,43
-46,6,42
-46,6,43
-46,7,42
-46,7,42
-47,7,42
-47,7,42
-46,7,42
-46,7,42
-46,7,43
-46,7,42
-46,6,42
-45,6,42
-45,6,43
-45,6,43
-45,6,43
-45,6,43
-46,6,43
-46,7,43
-46,7,43
-46,7,43
-46,7,43
-46,7,43
-46,7,43
-45,6,43
-46,6,43
-46,6,42
-46,6,42
-46,6,42
-46,6,43
-45,6,43
-46,7,43
-46,7,42
-47,7,42
-46,6,42
-45,6,42
-45,7,42
-46,7,42
-47,6,42
-47,5,42
-47,5,42
-45,6,43
-45,8,44
-43,9,44
-44,8,43
-46,7,43
-47,6,42
-47,6,41
-47,6,41
-46,7,42
-45,8,43
-45,8,43
-46,7,43
-47,6,42
-48,6,40
-48,6,40
-47,6,41
-46,7,42
-46,7,42
-45,8,42
-46,8,42
-46,7,42
-46,6,42
-47,6,42
-46,6,42
-46,7,42
-46,7,42
-46,7,42
-46,7,41
-47,7,41
-47,6,41
-47,7,41
-47,7,42
-46,8,42
-46,8,43
-46,8,43
-45,7,42
-45,6,42
-46,5,42
-47,5,41
-47,6,42
-46,7,43
-44,8,43
-45,8,44
-45,7,42
-46,7,42
-47,6,42
-47,6,41
-48,7,41
-47,7,42
-46,7,43
-45,6,43
-45,6,42
-46,5,42
-47,5,41
-48,5,41
-48,6,41
-46,7,42
-46,7,42
-45,7,43
-46,7,42
-47,7,42
-47,7,41
-47,7,41
-46,7,42
-46,7,42
-45,6,43
-45,6,43
-45,6,43
-46,7,42
-46,7,42
-46,7,42
-46,7,42
-45,7,43
-45,6,43
-46,6,43
-46,6,42
-46,6,42
-46,6,42
-46,6,42
-46,6,42
-47,6,42
-47,7,42
-47,7,42
-46,7,42
-46,7,42
-46,7,42
-46,7,42
-46,7,42
-46,7,42
-46,7,42
-46,6,42
-46,6,43
-46,6,43
-46,6,43
-45,7,43
-46,7,42
-46,7,42
-46,7,43
-46,7,43
-46,7,42
-46,6,42
-46,7,42
-46,7,42
-46,7,42
-46,7,42
-46,7,42
-46,7,42
-46,7,42
-46,6,42
-46,6,42
-46,6,42
-46,6,42
-46,6,42
-46,6,42
-46,7,42
-46,7,42
-46,7,42
-46,7,42
-46,7,42
-46,7,43
-45,6,43
-46,7,43
-46,6,42
-46,6,42
-46,6,43
-45,6,43
-45,6,43
-45,6,43
-46,7,42
-46,6,42
-46,6,42
-46,6,43
-45,7,43
-45,7,43
-46,7,42
-47,6,42
-47,7,42
-45,7,43
-45,7,43
-45,6,43
-45,6,43
-46,6,42
-46,6,42
-46,6,42
-46,7,42
-46,7,42
-46,7,43
-45,7,43
-46,6,42
-47,6,42
-46,7,42
-46,7,42
-45,6,43
-46,6,43
-46,6,42
-46,7,42
-46,7,43
-45,7,43
-45,6,43
-45,6,43
-45,6,43
-46,6,42
-46,6,42
-46,6,42
-46,7,42
-46,7,43
-45,7,43
-45,7,43
-45,6,43
-45,6,43
-46,6,42
-47,6,42
-46,6,42
-46,7,42
-45,7,43
-45,7,43
-45,7,43
-46,7,43
-46,7,42
-46,7,42
-46,7,43
-46,6,42
-45,6,43
-45,6,43
-45,6,43
-46,6,43
-46,7,42
-46,7,43
-46,7,43
-46,7,43
-46,7,43
-46,6,42
-46,7,43
-46,7,42
-46,6,42
-46,7,42
-46,7,43
-46,6,43
-45,6,43
-45,6,43
-46,7,43
-46,7,43
-46,7,42
-46,6,43
-45,7,43
-45,6,43
-46,6,42
-46,7,43
-46,7,42
-46,7,42
-46,6,43
-46,6,43
-45,6,43
-46,6,43
-46,6,43
-46,6,43
-45,7,43
-45,7,43
-46,7,43
-46,7,43
-46,7,42
-46,7,43
-46,6,42
-46,6,43
-46,6,43
-45,6,43
-45,6,43
-45,6,42
-46,6,42
-46,7,43
-46,6,43
-46,6,43
-45,7,43
-46,7,43
-46,7,42
-46,6,42
-46,6,42
-46,6,42
-46,6,42
-46,6,43
-46,6,42
-46,7,43
-46,7,42
-46,7,42
-46,6,42
-46,6,43
-46,6,42
-46,6,43
-46,6,42
-46,7,42
-46,7,43
-46,6,43
-46,6,42
-46,6,43
-46,6,43
-46,6,42
-45,7,42
-45,7,43
-46,6,43
-46,6,43
-46,6,42
-46,6,42
-46,6,42
-46,7,42
-45,6,43
-45,6,43
-46,6,43
-46,7,43
-46,6,43
-46,6,43
-46,6,42
-46,6,42
-46,6,42
-46,7,42
-46,7,42
-46,7,42
-46,7,42
-46,7,42
-46,7,42
-46,7,42
-45,6,43
-45,6,43
-46,6,42
-46,6,42
-46,6,42
-46,6,43
-46,6,43
-46,6,42
-46,7,42
-46,7,42
-46,7,42
-45,6,43
-46,6,43
-46,6,42
-46,6,42
-46,7,43
-45,7,43
-45,6,43
-45,6,43
-46,6,43
-46,6,42
-46,6,42
-46,6,42
-45,7,43
-45,7,43
-46,7,42
-46,6,42
-46,6,42
-46,6,43
-46,6,43
-46,6,43
-46,6,42
-46,6,43
-46,6,43
-46,7,42
-46,7,42
-46,7,43
-45,7,43
-45,6,43
-46,6,42
-45,6,43
-45,6,43
-46,6,43
-46,6,43
-46,7,42
-46,7,42
-46,7,43
-46,6,43
-46,6,42
-46,6,42
-46,6,42
-46,6,42
-46,6,42
-46,6,43
-46,6,42
-46,6,43
-46,6,43
-46,6,43
-46,6,43
-46,6,42
-46,6,42
-46,6,42
-46,6,42
-45,6,43
-45,6,43
-46,6,43
-46,6,43
-46,6,43
-46,7,42
-46,6,42
-46,6,43
-46,7,43
-45,6,43
-45,6,43
-45,6,42
-46,6,42
